customer_id,usage_score,late_payment,support_calls,tenure_score,contract_score,discount_score,churn
1,-1.493.348.774.670.860,-17.685.467.567.497.600,-4.463.407.721.078.800,-2.083.577.808.289.500,-9.762.087.244.401.210,-8.103.836.944.249.840,1
2,-23.197.156.418.474.200,3.078.039.442.721.340,17.307.826.781.633.900,8.886.900.986.742.830,-34.574.665.927.402.300,963.296.604.859.499,0
3,-17.155.531.713.961.200,-18.071.114.149.805.300,1.276.585.111.388.920,-9.124.128.676.156.900,7.733.921.272.021.920,482.802.803.994.069,0
4,-14.537.018.237.497.300,8.633.332.598.382.080,-13.669.214.869.745.400,-6.125.935.660.850.780,-2.022.877.308.819.230,-7.043.251.902.085.310,1
5,-9.006.876.599.296.770,23.111.805.696.597.400,-11.774.352.784.157.300,-39.240.514.277.817.800,20.485.795.943.744.300,-42.459.357.948.019.300,0
6,-46.380.254.826.489.400,-830.943.921.698.353,-6.125.839.198.743.830,-13.199.454.353.746.900,8.593.831.674.321.180,563.459.954.183.239,0
7,-17.664.542.368.407.400,-2.334.004.312.623.460,-2.651.172.700.050.970,-3.268.850.550.499.410,-10.001.429.301.000.900,10.620.161.767.955.300,0
8,-16.381.516.794.812.500,6.593.680.897.280.270,9.292.691.287.457.710,19.220.866.994.912.100,-25.240.434.626.257,43.398.982.500.670.400,0
9,-9.800.269.496.248.380,6.505.785.055.815.240,-13.158.237.166.524.900,-667.213.861.309.589,-8.186.059.838.464.210,4.855.492.953.021.350,1
10,-10.840.752.639.320.100,11.213.178.670.930.100,12.056.893.834.869.300,13.484.951.658.557.300,-18.511.952.854.712.000,7.551.192.439.725.580,0
11,-9.252.547.060.307.110,-4.974.801.013.101.890,-27.218.115.514.403.700,-16.610.941.401.550.300,-7.208.471.098.953.900,10.818.261.510.402.600,1
12,2.937.036.807.337.620,18.050.291.987.018.800,21.925.013.087.100.000,-13.642.836.889.928.900,10.026.659.810.608.200,46.771.430.840.846.400,1
13,-23.562.996.882.332.000,-2.488.630.397.628.530,-13.771.768.798.145.800,-28.356.601.694.530.200,-5.877.064.064.359.760,4.412.715.345.216.870,0
14,-10.110.469.473.748.300,-14.825.856.162.021.800,-1.969.259.513.046.010,-17.667.391.078.456.800,14.997.674.319.195.500,-9.822.400.792.231.860,0
15,-9.404.795.383.849.850,24.878.986.982.243.500,6.971.622.561.121.940,3.189.093.697.714.110,-22.399.249.975.319.900,755.901.216.596.352,1
16,-8.331.252.609.187.030,-164.435.955.635.152,-22.023.037.425.880.700,-18.987.242.741.667.600,6.362.395.624.458.590,6.766.479.392.992.810,0
17,-672.709.216.637.245,12.163.661.426.273.500,-8.555.308.692.618.530,-14.305.667.494.292.800,-34.648.213.004.701.300,-41.608.457.731.060.700,0
18,7.120.067.273.058.880,-2.634.704.721.499.160,-9.600.562.439.006.920,-5.978.460.511.282.200,5.699.793.043.302.980,-11.161.976.113.596.800,0
19,-18.591.965.020.803.900,11.204.489.926.939.300,19.843.038.219.363.300,-264.899.530.124.549,17.368.909.040.579.200,-13.133.748.664.752.400,0
20,-10.286.207.113.794.700,-3.102.585.925.945.400,-2.452.657.050.039.010,-12.925.654.527.730.300,911.138.777.572.688,-6.352.916.046.860.890,0
21,-1.078.283.444.942.160,-2.506.281.078.042.360,3.503.142.011.827.800,-28.903.839.820.357.400,13.937.723.722.272.600,17.865.072.858.903.400,0
22,10.421.582.295.411.800,-16.082.948.143.523.000,12.757.116.489.657.400,-14.501.485.641.269.700,27.542.144.268.826.500,-14.420.595.418.582.000,1
23,16.478.013.381.827.900,-1.906.536.402.916.830,17.431.542.387.857.600,24.554.940.955.730.400,1.745.486.136.904.590,-4.438.583.504.493.360,1
24,-11.321.382.246.258.800,-14.800.291.544.850.700,-12.462.153.135.147.500,-5.552.854.685.953.540,-12.250.734.541.656.100,-10.174.050.212.897.000,0
25,-5.493.950.816.352.540,7.535.837.626.782.390,-22.509.130.756.480.000,-19.556.126.898.737.700,8.703.217.668.999.880,4.569.673.645.334.690,0
26,-1.421.081.749.620.430,14.899.088.303.588.900,24.130.107.868.862.500,4.117.453.906.321.790,9.990.026.563.096.990,3.390.544.511.329.780,0
27,19.654.175.695.810.400,-10.554.676.419.795.100,1.695.211.458.606.290,31.965.848.623.942.900,8.005.840.322.346.110,7.176.343.071.505.190,1
28,-39.376.572.352.817.700,45.849.237.997.726.400,-4.057.602.129.388.300,-21.697.322.547.906.900,13.122.695.581.963.400,-10.114.220.713.710.900,0
29,-6.827.482.462.779.920,-12.526.742.883.087.900,-20.094.246.991.654.600,-11.369.814.088.865.700,20.061.640.752.138.800,13.040.884.600.469.900,0
30,-22.696.949.851.513.700,-27.147.612.922.434.800,-15.895.306.119.575.600,-530.949.581.892.798,-31.004.115.881.068.800,7.912.090.390.128.810,0
31,-6.667.804.917.325.360,-32.706.957.339.715.400,17.276.917.655.694.500,5.347.895.359.175.320,2.439.789.740.946.710,8.922.497.157.536.250,1
32,-30.838.525.717.788.700,-29.541.525.251.728.800,-10.982.646.573.005.600,-8.824.106.711.355.790,-1.770.786.970.110.830,-7.661.924.712.634.450,0
33,19.036.127.995.263.700,43.731.555.666.023.400,10.770.720.290.295.000,28.569.241.785.012.000,15.103.764.273.387.600,-20.598.049.874.083.200,1
34,-10.109.594.627.260.900,529.339.657.681.674,-13.271.323.736.252.200,-12.921.704.506.139.100,-9.379.079.249.141.920,30.612.070.101.196,0
35,-2.143.659.474.170.490,-2.812.084.711.057.010,7.881.310.925.584.480,15.270.748.190.339.900,7.676.896.588.167.120,-49.726.396.663.617.800,0
36,-12.012.535.117.557.300,-27.838.457.224.448.200,-8.106.418.623.828.490,-6.499.226.725.756.120,10.702.238.465.447.800,-19.627.075.800.084.300,0
37,-29.925.992.165.728.500,-7.517.403.121.673.160,-462.985.542.050.975,2.543.293.120.467.050,3.599.276.478.068.730,226.425.812.793.778,0
38,-27.750.944.825.775.200,19.055.267.760.327.600,-2.745.763.084.881.200,-554.572.832.319.163,-11.360.388.408.779.700,1.019.591.813.030.790,1
39,12.039.916.045.260.300,-15.669.646.013.401,17.996.739.457.704.000,-22.626.708.102.910.700,3.217.962.913.168.060,-1.096.785.837.449.340,1
40,6.026.300.676.979.510,38.776.006.471.767.500,-1.332.872.651.453.050,-13.316.237.093.778.900,3.584.455.862.943.790,-2.364.902.425.390.610,0
41,21.152.118.470.635.800,21.808.825.079.247.200,9.848.270.534.796.320,32.045.997.481.208.800,-41.289.576.575.230.000,-8.343.130.740.405.710,1
42,-15.302.080.683.479.500,-1.364.549.653.653.670,-9.426.954.664.381.210,-579.991.699.103.837,-2.915.461.043.734.920,10.852.127.607.235.600,0
43,-18.844.425.728.354.800,19.416.116.778.996.700,1.870.429.873.683.170,-21.197.977.791.364.500,-22.258.012.594.452.000,11.036.885.671.691.500,0
44,-14.250.961.865.802.200,17.204.149.543.079.800,-8.158.850.366.285.360,-25.879.760.783.605.900,13.285.905.970.550.100,-18.587.273.710.936.700,0
45,-11.522.128.753.398.300,-8.015.458.134.202.440,-9.558.736.871.433.590,-10.592.189.059.368.000,-6.131.770.502.041.220,1.558.721.212.843.430,0
46,-9.556.659.288.042.780,-13.293.182.646.840.800,-13.567.693.476.713.900,-16.765.793.312.992.900,6.693.423.304.294.270,-17.742.043.820.849.600,0
47,-22.474.713.353.491.900,-20.748.122.476.767.100,5.687.704.192.246.710,1.905.815.464.988.770,16.327.069.820.727.200,5.549.401.995.673.370,0
48,-10.103.266.963.744.700,4.411.810.290.481.510,11.003.609.394.403.300,4.226.328.941.272.120,-3.529.800.993.020.080,7.193.514.492.908.350,0
49,-2.959.609.105.309.460,8.556.923.876.098.190,-47.697.809.702.082.000,-12.027.038.963.597.100,-20.301.594.912.367.700,21.480.752.287.701.600,0
50,-5.946.889.932.623.680,-709.343.924.779.744,8.277.312.030.019.010,-16.991.682.296.291.700,13.807.108.908.964.900,-13.852.570.895.073.000,0
51,-3.953.846.680.549.770,16.035.434.789.089.000,7.748.659.492.582.920,-10.820.029.070.140.900,-13.596.951.987.501.100,-923.413.629.918.523,0
52,-37.291.128.086.623.600,5.479.123.169.740.610,25.903.132.030.775.100,-1.630.131.967.834.990,7.164.951.024.091.470,12.923.332.141.681.600,0
53,-19.301.409.842.860.800,13.454.430.434.679.400,3.866.743.672.170.020,-5.853.657.349.236.220,4.164.787.715.460.940,6.139.584.082.708.130,0
54,-2.987.923.050.890.510,-243.574.671.304.375,-11.355.154.913.775.900,-5.651.648.934.456.190,-7.283.264.671.547.240,6.969.855.223.430.560,0
55,-9.837.907.878.373.210,-6.665.888.160.365.620,-11.440.515.514.117.900,-12.938.756.741.648.000,28.517.075.955.667.700,8.811.231.392.795.250,0
56,-21.760.376.819.002.200,12.051.801.544.609.000,-20.578.712.444.165,-20.298.668.431.357.500,19.238.202.642.756.500,-13.937.933.664.700.200,1
57,-5.724.259.582.743.820,-59.316.863.611.313.200,6.328.020.573.817.330,7.027.587.084.654.240,-5.177.843.324.445.940,-4.344.807.125.496.470,0
58,-8.566.268.379.896.170,17.592.685.813.134.400,711.321.712.679.509,-1.155.991.670.102.880,-5.626.621.526.596.240,-184.391.478.826.528,0
59,16.384.216.294.274.300,17.391.051.130.239.000,4.983.806.944.314.810,18.684.837.686.713.700,-2.481.431.441.994.260,13.747.989.145.631.600,1
60,-17.189.852.588.082.000,-166.826.551.973.857,-10.867.376.567.829.500,-16.963.070.310.178.400,5.287.838.782.921.150,26.127.472.935.788.800,0
61,-12.694.000.114.347.400,18.998.975.232.395.600,58.952.353.990.439.900,-8.916.138.956.539.170,-214.709.980.048.367,-9.283.716.698.222.190,1
62,-7.328.775.392.547.760,13.608.595.434.006.000,11.055.819.420.329.700,-825.362.130.009.763,-20.408.902.794.382.400,-5.823.075.695.327.620,0
63,-19.310.281.623.187.600,-15.486.854.488.660.100,-14.523.319.303.013.500,-20.604.560.677.677.100,34.308.928.224.345.100,10.873.568.257.159.600,0
64,-6.005.779.826.501.140,-7.313.733.362.647.330,-1.314.391.531.153.130,-6.769.867.576.956.730,-20.987.760.387.245.400,-1.027.936.761.073.330,0
65,-18.633.411.601.710.100,12.238.863.916.785.400,-10.591.453.151.443.600,-14.292.930.599.466.600,-17.789.170.855.471.200,-17.889.894.127.970.000,1
66,-18.628.286.338.415.300,-3.272.665.188.187.470,-1.676.302.509.301.640,-19.538.684.082.326.000,-6.745.960.959.810.010,47.114.374.976.209.000,0
67,-18.670.286.974.565.200,2.699.212.655.176.050,14.704.980.229.719.800,-13.587.114.566.139.400,-13.460.494.944.879.600,31.403.162.435.367.000,0
68,-1.336.114.027.015.060,-11.588.674.370.829.100,-11.934.015.508.706.500,-18.916.609.863.608.100,5.323.790.062.583.750,9.435.668.819.007.440,0
69,-9.468.297.694.090.970,8.622.648.396.294.060,3.554.106.412.383.370,-2.665.744.313.328.040,2.830.171.131.513.560,4.180.986.054.372.350,0
70,-2.254.018.966.020.390,-23.416.255.894.150.600,-9.359.183.758.838.600,-6.743.354.719.642.260,-6.007.834.637.750.890,12.813.925.489.828.300,0
71,3.768.084.463.938.560,20.557.201.184.363.800,-14.945.930.957.707.000,-2.444.452.560.147.350,10.537.664.938.688.400,-4.366.701.974.027.210,1
72,-1.377.627.177.305.290,5.404.055.272.644.630,-15.645.602.080.375.300,-13.674.397.495.631.200,-12.983.231.155.311.600,4.136.854.399.889.040,1
73,-10.521.705.363.867.200,11.710.925.150.969.800,-975.220.462.702.871,-34.966.037.048.517.400,4.374.857.710.415.890,11.842.091.459.616.900,1
74,-439.148.110.686.871,5.858.001.430.588.000,-9.261.056.859.745.450,-18.237.666.440.868.300,7.462.865.723.938.230,-15.874.172.676.937.200,0
75,14.503.053.798.494.900,-41.903.681.258.593.300,9.883.523.344.270.550,42.016.116.928.149.300,-11.912.042.060.639.400,8.616.346.629.721.460,1
76,-14.158.065.477.513.100,15.089.668.210.716.800,-3.467.879.997.278.650,-13.859.524.036.517.600,-2.401.226.799.170.610,17.771.044.503.019.800,1
77,-15.350.961.049.648.400,35.302.637.529.781.800,21.502.989.691.902.600,488.654.142.368.091,-2.653.832.682.620.010,-3.975.126.389.098.620,1
78,-1.071.136.777.577.890,12.439.051.611.980.100,10.415.376.860.295.900,-1.874.741.396.279.090,3.754.005.264.375.960,3.114.481.558.247.110,0
79,-41.150.158.493.718.900,8.331.901.639.764.440,3.851.068.698.918.590,-12.922.557.196.180.100,31.314.547.913.694.400,13.087.411.994.862.500,0
80,12.697.485.032.446.400,-9.672.618.831.636.820,12.132.106.550.840.300,18.610.043.571.010.500,9.395.392.788.727.680,24.234.727.836.472.400,1
81,-6.641.651.295.615.130,19.485.937.550.124.600,-16.945.172.697.407.500,-12.760.973.411.769.500,-6.850.101.515.265.550,-19.015.794.373.872.800,1
82,-6.263.222.897.757.800,3.820.332.195.840.220,26.368.949.011.837.400,-21.123.932.760.586.800,14.197.459.071.640.500,-26.691.215.160.518.700,0
83,15.680.573.743.766.200,14.653.845.432.623.200,-8.273.814.383.161.900,-35.465.236.456.873.600,27.072.683.641.999.800,7.504.465.708.873.730,1
84,-3.311.542.261.622.510,-30.114.904.895.952.700,13.628.500.884.725.000,-25.843.906.997.580.100,287.429.566.586.224,2.632.783.394.264.880,1
85,-11.752.331.605.833.600,9.586.695.286.109.100,7.120.933.796.775.360,-10.897.788.439.256.000,-2.835.247.062.791.890,-40.939.328.618.838,0
86,-11.268.716.369.940.800,-1.327.643.284.527.680,-15.727.484.868.622.700,-1.248.499.865.032.870,9.526.562.620.262.660,-24.078.683.269.268.800,0
87,6.572.439.856.530.470,5.475.613.970.249.670,-8.522.982.437.393.170,36.328.470.158.525.200,-22.719.964.633.257.100,-6.620.797.883.339.690,1
88,19.743.392.285.791.700,15.613.701.449.240.300,11.276.265.029.258.700,22.949.587.280.866.400,-12.995.121.107.312.000,7.534.614.516.583.280,1
89,22.005.811.150.804.000,-13.788.813.101.260.000,11.753.472.624.395.200,1.130.883.970.860.460,17.445.264.845.958.200,7.834.863.215.921.020,1
90,-17.357.749.488.553.900,-4.591.639.261.015.760,-29.223.556.184.101.100,9.352.413.953.146.680,-33.908.216.451.642.000,-9.942.767.116.889.540,1
91,4.300.439.870.075.440,8.417.604.352.092.460,-2.156.757.283.635.520,-16.923.511.207.867.000,5.464.028.992.728.530,-11.467.890.754.636.200,0
92,15.564.030.153.204.100,-11.318.072.526.165.100,11.472.123.265.085.800,15.437.619.526.001.100,7.477.016.124.247.290,-15.861.016.588.219.600,1
93,3.145.840.874.986.480,-7.705.530.879.714.050,-2.630.485.138.001.480,-13.978.435.505.803.200,-25.571.668.666.783.500,-7.891.416.283.926.020,0
94,1.665.783.923.589.310,-7.553.637.830.751.940,-16.933.635.797.432.600,-30.238.869.676.506.500,7.722.715.095.027.700,7.965.755.075.290.010,0
95,-17.440.172.886.362.300,-7.306.374.998.747.570,-12.888.473.397.637.300,-10.677.898.828.998.500,-734.052.723.421.021,22.183.434.830.113.800,0
96,-2.059.494.423.021.980,23.836.399.593.781.700,3.096.638.315.326.090,-13.682.216.284.555.100,12.168.679.915.420.700,-4.675.571.098.206.830,0
97,-10.464.900.758.074.400,1.666.803.482.762.080,17.075.742.353.538.800,-11.765.334.294.060.500,-22.441.005.070.870.500,21.690.644.373.236.200,0
98,-15.995.519.516.394.800,22.693.490.350.875.400,1.563.902.429.995.650,1.417.189.678.144.330,-28.635.877.096.840.200,-3.887.448.252.057.810,0
99,-331.405.535.252.182,-4.913.641.989.229.090,24.409.147.674.063.600,-8.006.755.220.968.580,12.329.373.591.802.500,-1.087.072.376.569.510,0
100,18.621.910.268.376.400,-5.992.056.959.186.710,14.789.848.536.724.300,14.158.738.985.101.800,16.037.391.491.633.600,-28.010.452.417.997.100,1
101,-1.231.536.383.521.640,7.377.553.384.319.860,17.629.253.586.746.200,-2.046.845.223.487.490,11.739.090.408.532.000,9.651.335.905.723.790,0
102,-23.790.306.355.661.800,29.742.953.438.096.600,20.125.231.033.201.300,-3.874.410.052.442.560,-23.081.373.789.971.200,-710.186.949.441.712,0
103,2.461.023.763.138.450,12.302.619.920.703.500,-12.717.522.410.084.800,-215.978.898.332.437,24.600.029.902.574.400,-42.946.514.350.115.800,1
104,-7.459.692.484.867.570,-38.280.679.803.151.400,-17.780.157.146.373.000,-11.058.855.658.752.700,-5.177.755.501.512.770,8.736.596.768.942.930,0
105,709.745.255.247.884,-1.056.145.598.062.560,17.954.146.115.631.000,-7.237.498.096.345.490,19.001.509.508.133.300,-981.645.070.175.222,0
106,-8.125.795.591.733.180,4.429.076.885.395.680,10.057.485.867.183.800,-8.843.208.083.783.280,-18.014.310.575.619.400,5.728.210.055.262.650,0
107,-55.557.097.596.227.700,31.122.561.216.976.100,-12.756.491.651.487.200,-1.678.410.338.983.390,22.678.235.875.935.300,-11.809.034.515.708.000,0
108,-7.514.398.614.863.560,10.178.086.042.455.300,-106.508.075.634.857,-26.312.661.641.571.300,642.551.461.265.588,9.160.513.231.183.110,0
109,-8.767.877.535.118.470,-10.504.269.013.446.700,9.176.278.651.153.870,-6.581.410.535.872.000,11.385.801.029.853.200,13.740.213.421.331.200,0
110,-10.291.978.059.641.900,2.224.788.783.963.750,32.544.195.892.015.000,-2.736.570.151.246.150,-19.022.275.520.837.500,4.083.044.634.178.370,0
111,7.961.155.683.238.380,-7.297.459.165.619.010,20.594.435.972.527.300,1.606.235.401.742.460,-444.063.586.285.155,-9.524.352.307.904.000,1
112,-17.423.401.312.072.000,2.175.032.813.411.060,16.954.611.571.678.300,-16.595.629.034.335.400,-5.301.045.179.853.690,8.699.356.524.480.250,0
113,-13.035.504.679.408.800,8.015.458.550.557.490,-1.405.283.864.836.620,7.171.076.683.399.220,-2.403.558.065.672.700,-8.647.221.345.190.880,1
114,-6.118.813.734.166.430,-1.754.470.084.775.910,-35.846.249.433.302.500,-4.696.874.126.861.130,9.161.849.030.056.950,22.645.903.111.344.600,0
115,6.843.057.639.659.490,14.499.628.475.816.000,-2.580.333.861.086.180,-16.027.128.007.546.800,-8.713.602.375.717.450,7.849.905.788.461.560,0
116,7.702.826.113.043.990,-10.146.670.881.078.500,5.256.897.451.032.290,1.927.637.319.940.630,-3.557.184.815.682.600,4.104.297.531.945.020,1
117,-10.622.186.254.217.200,499.339.848.232.816,21.834.910.796.192.000,-8.521.834.446.998.500,11.712.183.840.176.200,-1.407.042.213.542.420,0
118,-4.116.522.180.399.470,37.223.231.193.483.600,-22.596.683.937.888.300,7.932.035.201.183.060,-5.196.413.318.810.880,-7.495.596.500.940.060,1
119,-9.467.880.222.158.810,6.867.788.798.942.560,-10.914.205.610.034.100,-13.757.774.222.342.900,-7.974.953.257.333.210,-10.306.894.014.204.600,1
120,42.884.902.453.765.300,635.530.242.089.476,-3.601.683.969.308.960,-22.417.949.089.892.600,13.213.065.522.931.000,23.337.565.337.055.600,0
121,-9.952.521.433.774.260,25.758.555.553.798.000,-16.670.629.019.692.700,20.222.889.807.210.300,-4.128.883.998.130.910,9.096.515.395.588.250,0
122,-15.232.063.302.765.500,-16.631.126.188.188.700,-972.920.217.372.201,-7.404.039.654.232.100,23.485.251.838.516.900,1.329.996.837.546.650,0
123,-806.853.610.337.801,-9.344.652.234.862.200,-5.447.380.690.506.850,-6.646.570.924.836.670,17.482.596.440.954.100,-429.607.443.958.124,0
124,-39.715.281.924.711.600,23.272.993.631.561.500,40.506.340.212.752.500,2.340.551.259.729.990,-4.440.483.462.304.040,-10.923.243.018.654.400,1
125,-2.619.059.864.513.210,19.502.958.293.645.300,3.661.436.154.398.420,17.594.796.407.475.400,-23.765.002.934.972.300,6.820.962.275.998.930,0
126,-36.363.813.461.179.100,-27.962.935.772.685.800,-14.069.502.717.334.400,-13.122.578.229.579.100,-5.535.991.181.630.260,6.795.122.540.794.100,0
127,9.486.808.308.518.480,-1.864.047.180.650.480,18.004.477.911.706.100,18.257.331.219.261.000,1.711.817.703.748.780,-747.378.228.746.292,1
128,-505.907.189.384.581,20.310.853.635.180.500,-9.980.042.479.718.210,-27.453.558.865.987.300,9.369.598.623.026.030,-18.140.263.481.081.500,0
129,-12.267.313.353.881.300,9.802.884.229.420.020,27.894.691.981.397.000,-13.330.920.043.409.600,10.925.412.738.700.500,-41.550.951.638.969.000,0
130,-1.857.596.360.051.450,-4.284.155.756.563.990,-6.641.248.217.124.740,-6.876.925.703.659.410,17.579.715.475.102.900,6.521.218.714.555.360,0
131,-6.556.533.047.029.320,-17.144.743.281.238.700,-12.176.023.460.368.400,-11.440.439.733.213.400,8.430.401.294.304.820,3.456.134.163.853.680,0
132,-13.947.382.645.410.200,8.566.730.717.575.380,20.426.419.222.456.900,7.762.120.785.198.970,-15.462.856.695.564.700,-20.079.499.686.862.400,0
133,-33.666.689.670.544.100,-5.026.596.203.397.560,-29.671.728.263.978.200,-7.345.757.482.971.130,4.758.714.793.902.290,1.423.962.271.769.800,0
134,6.181.838.706.041.040,6.071.770.384.934.840,24.546.628.224.064.500,-138.885.788.060.889,12.067.435.697.168.000,41.515.398.434.871.000,1
135,-1.230.809.016.589.510,-11.660.893.616.794.900,-1.792.686.912.671.890,-7.284.997.868.093.130,-6.125.291.793.707.560,-17.960.649.778.617.500,0
136,-8.077.763.226.189.350,3.797.592.016.273.290,19.327.920.767.318.300,-13.368.393.097.156.400,15.434.653.199.856.700,8.655.584.487.572.410,0
137,-7.905.607.569.633.290,15.057.636.025.227.700,-6.214.583.087.961.260,-39.503.832.749.864.300,-17.047.421.389.159.100,12.211.310.785.264.900,1
138,-15.307.975.259.055.600,-17.947.170.692.211.600,27.629.546.460.164.000,-3.735.138.792.671.460,7.007.376.266.429.220,7.960.927.059.985.680,0
139,25.428.234.105.187.300,31.820.635.768.548.500,-1.836.156.051.169.470,-16.661.539.850.376.000,-18.995.746.357.561.800,-10.086.623.143.834.500,0
140,-6.397.330.724.803.340,-9.350.826.091.841.520,15.979.060.979.580.300,-9.223.368.204.799.790,18.353.847.813.384.000,14.345.402.087.170.000,0
141,9.939.726.166.069.170,-24.604.801.007.575.600,-12.127.118.565.601.300,-7.231.842.979.157.430,54.724.926.951.991.600,15.530.410.762.926.400,0
142,-9.040.118.964.606.810,-1.871.362.979.634.390,-1.437.512.484.796.400,-33.212.154.446.662.800,3.539.133.483.912.580,-7.714.696.452.214.920,0
143,-1.810.332.630.047.200,-19.712.337.402.842.900,-16.919.465.103.715.800,-13.759.804.065.332.000,7.209.762.671.015.380,8.702.489.939.113.100,0
144,1.744.955.061.676.640,-5.654.076.261.038.750,1.235.962.953.704.620,342.801.454.019.979,-15.000.429.919.068.600,1.956.740.632.309.780,1
145,-13.244.877.063.054.500,11.433.169.315.772.300,10.543.121.387.137.500,-36.547.878.609.499.300,-8.550.373.028.207.830,-3.695.308.462.563.590,0
146,-14.607.920.660.113.800,3.511.007.292.676.560,-2.166.949.790.522.480,-2.062.206.335.227.940,-10.705.106.085.804.500,-1.618.805.308.857.670,0
147,1.881.436.196.162.310,15.329.366.071.653.000,-1.382.708.855.369.970,-3.383.034.409.509.220,2.949.123.503.387.220,8.830.461.277.010.290,1
148,-14.438.348.681.441.500,12.476.392.199.166.400,9.673.837.510.137.620,-1.245.780.493.382.300,5.325.146.256.907.490,-14.251.631.960.622.600,0
149,20.901.279.796.129.600,-18.113.912.612.280.600,-7.482.925.999.159.500,-1.433.067.109.564.020,7.601.146.964.040.300,3.372.539.176.212.730,0
150,-1.357.839.491.410.260,11.487.295.209.689.300,10.517.308.703.920.100,-18.598.250.066.418.200,22.874.823.307.713.300,-945.252.658.077.477,0
151,7.914.831.134.292.470,-12.895.205.973.604.600,1.007.517.974.013.970,14.031.466.931.295.700,10.350.645.311.242.100,44.262.418.923.334.500,1
152,4.113.446.846.847.460,-3.664.240.748.830.240,21.241.514.781.927.200,-2.556.500.518.110.380,4.324.408.096.334.970,-41.665.478.787.825.700,1
153,9.807.084.226.994.310,41.202.086.558.094.100,-1.421.824.030.327.330,-3.195.097.400.835.770,19.509.218.419.894.700,18.167.427.290.347.100,1
154,-29.148.453.821.675.000,4.634.944.351.775.640,-13.941.196.536.403.000,-1.722.744.859.416.700,-889.847.398.603.234,1.340.282.570.333.990,0
155,-2.072.301.083.572.130,-19.192.254.944.659.300,-6.450.444.062.970.680,-34.022.245.048.259.100,-2.975.264.991.865.280,5.695.444.025.489.800,0
156,-18.679.311.577.893.600,2.715.673.511.148.850,29.968.023.674.154.300,4.334.006.444.755.170,-17.769.669.984.506.500,23.516.020.533.744.500,1
157,-5.230.428.690.842.980,5.663.841.369.259.490,5.028.329.307.237.560,-27.055.181.707.308.600,-27.195.259.079.922.600,3.681.616.950.534.570,0
158,-12.994.376.571.527.600,9.899.971.040.513.590,6.320.584.631.074.650,22.699.088.934.349,-14.246.707.893.021.900,31.966.559.270.127.900,0
159,4.206.400.125.967.550,-20.129.036.077.768.800,1.380.703.891.353.710,5.035.332.339.443.840,2.165.502.559.308.620,-15.201.757.055.584.400,1
160,-1.977.906.828.215.200,2.633.498.055.994.610,39.409.155.324.813.800,-19.101.545.839.219.500,2.169.316.681.760.710,-240.227.866.272.449,0
161,-24.853.678.387.538.300,3.053.316.167.247.740,12.932.416.104.632.300,12.209.401.602.906.700,-4.070.701.808.970.050,-8.618.849.289.949.390,1
162,-21.425.053.405.918.600,11.392.190.512.659.800,24.507.400.013.941.100,16.950.550.648.039.000,-2.142.793.738.372.240,-11.943.587.394.371.900,0
163,-6.441.512.843.866.850,2.560.005.295.720.880,-14.246.951.557.795.700,-27.627.702.770.989.900,-10.532.113.299.688.500,5.513.945.495.913.970,0
164,6.168.472.736.606.880,-25.458.227.083.065.000,14.354.261.726.926.200,10.024.349.868.298.700,2.341.423.059.241.080,-11.993.771.154.099.300,1
165,-16.280.473.018.378.800,-17.295.908.445.661.300,-15.063.602.673.640.600,-12.632.292.482.907.200,6.304.779.295.238.910,-11.066.194.106.812.700,0
166,-11.173.555.200.057.700,14.922.077.838.989.400,-5.050.147.873.153.620,-2.874.747.259.158.830,714.936.016.267.842,-6.226.531.984.613.710,0
167,21.676.058.215.024.800,-12.439.888.257.066.700,46.167.122.080.739.900,-3.796.834.900.974.880,8.043.486.130.824.770,26.320.292.299.676.000,1
168,-851.483.495.418.795,5.581.631.386.448.300,-16.061.752.812.479.800,-11.198.015.131.409.500,-11.382.229.918.299.300,-2.176.581.085.624.110,0
169,4.419.250.229.934.570,8.102.131.707.022.200,-6.751.235.470.855.370,-15.920.203.996.941.900,5.355.584.087.925.630,6.894.315.705.151.320,0
170,-25.503.031.146.513.900,-14.008.875.315.348.800,-21.581.482.940.569.500,-17.366.481.070.888.300,-8.747.981.708.653.780,-2.011.958.027.499.810,0
171,3.754.075.806.127.250,9.474.405.576.141.860,-1.339.756.559.617.450,-5.979.656.736.475.410,-9.935.557.093.093.210,16.804.956.304.146.400,1
172,-15.418.616.274.692.400,19.034.985.397.054.000,8.075.424.843.124.900,-15.167.539.037.806.300,-83.436.729.654.753,11.084.566.564.428.200,0
173,-7.078.328.286.042.680,-1.206.112.259.552.610,7.411.595.709.800.420,18.402.446.905.015.000,-597.312.613.892.643,21.930.963.558.017.400,0
174,-7.197.010.396.506.340,-16.867.075.922.718.000,11.898.407.304.877.000,-1.348.046.168.376.560,12.079.962.687.951.200,14.504.807.848.958.800,0
175,-19.729.531.504.920.300,2.279.983.785.879.230,18.448.038.026.846.600,-759.816.646.596.298,-2.348.403.888.867.310,-7.527.553.491.247.770,1
176,-19.870.991.075.761.200,-17.297.962.540.086.600,-19.280.784.287.939.100,-1.675.506.082.884.020,-1.435.336.985.744.590,-7.539.135.293.666.440,0
177,-7.629.298.659.916.730,14.436.528.763.579.700,-703.997.770.844.903,-11.995.447.183.171.000,-711.046.664.159.863,22.792.967.000.995.200,1
178,-1.449.099.994.829.580,-10.559.233.810.894.600,-31.408.323.053.441.100,-8.820.932.819.865.910,15.422.688.497.704.100,1.988.768.023.914.540,0
179,-5.401.477.293.612.650,13.860.853.007.557.700,-41.414.826.040.571.400,-1.605.021.375.330.090,-1.489.592.087.331.550,7.026.923.848.187.640,0
180,9.594.101.093.972.060,-7.628.193.664.939.990,1.261.937.177.905.970,27.417.565.351.662.300,-55.530.242.518.445.400,27.486.449.344.838.800,1
181,-32.392.626.490.739.600,10.474.432.954.032.300,-1.167.072.002.464.430,-27.762.586.348.067.400,-17.158.660.403.735.500,-11.125.783.020.110.500,1
182,7.111.621.215.092.110,-9.622.160.431.590.920,9.729.034.906.399.160,18.085.315.520.458.900,425.280.579.861.105,1.008.902.055.390.520,1
183,-21.442.674.257.204.800,19.783.633.016.565.800,-14.822.550.565.035.900,34.159.795.384.153.500,-32.824.077.927.528.400,-10.941.152.926.680.000,1
184,34.096.785.149.619.300,585.421.600.314.382,-10.830.438.250.655.600,-11.942.838.253.704.100,7.806.103.992.918.870,-5.675.049.338.871.230,1
185,-8.591.559.105.813.720,4.961.313.246.862.170,2.329.544.098.871.790,-1.599.372.164.504.850,5.474.731.635.390.800,-814.789.609.970.448,0
186,-16.953.304.565.910.500,11.009.664.800.289.300,-9.038.070.903.431.120,-2.899.510.832.694.830,-38.244.195.903.542.300,46.900.565.690.211.000,0
187,-8.787.495.111.443.580,-353.211.405.394.664,1.090.109.842.895.590,-1.389.268.313.241.910,-22.226.966.920.443.000,-7.386.321.936.418.030,0
188,-1.628.441.128.534.240,11.957.703.365.641.600,16.976.673.737.873.000,8.763.621.551.998.410,-16.512.866.644.195.500,-46.806.400.249.074.500,0
189,-5.013.132.358.219.860,-13.914.291.739.442.500,-5.475.095.565.739.010,-22.698.186.011.382.800,10.955.944.214.632.100,1.096.706.430.340.120,0
190,-1.792.095.809.065.620,-14.805.132.274.023.300,-4.373.823.692.847.490,-14.306.179.377.117.200,-18.270.183.246.267.400,-20.187.537.065.832.900,1
191,-3.450.215.781.659.960,5.637.016.471.809.450,-13.117.522.436.634.900,-6.608.450.428.756.270,-5.851.177.326.299.110,33.411.864.962.999.600,0
192,-1.180.843.955.510.230,25.899.104.518.570.600,2.162.741.828.071.200,-25.874.162.476.999.600,21.879.851.564.233.400,10.601.477.052.026.500,0
193,263.395.979.026.652,16.323.480.328.858.100,-29.101.404.395.992.700,-15.972.968.142.395.500,-15.064.223.332.399.300,18.670.371.088.112.200,0
194,-14.526.664.871.350.900,4.486.263.938.058.050,26.056.000.485.151.800,-28.727.022.542.707.500,4.103.761.159.260.530,-7.018.341.629.884.410,0
195,-23.119.956.841.060.800,-2.780.465.136.352.960,-6.336.061.192.186.570,-10.119.421.022.824.700,6.374.525.226.714.670,-57.096.610.836.053.400,0
196,22.097.663.684.782.200,-9.670.947.993.178.950,14.833.869.455.308.000,3.995.694.607.502.930,19.370.442.829.787.400,-5.550.121.194.496.870,1
197,-2.574.695.267.667.730,-17.624.655.417.764.000,-1.034.661.123.816.700,-315.872.409.724.686,8.435.435.771.983.510,1.970.258.448.634.130,0
198,-6.180.584.145.456.040,-5.173.826.140.157.430,36.186.641.273.372.700,-1.006.389.673.520.390,8.797.931.689.347.490,24.293.735.442.570.700,0
199,28.327.756.354.536.500,-8.305.744.921.162.320,-551.349.350.163.368,-12.960.435.438.064.700,14.204.771.714.168.200,11.393.810.148.356.100,0
200,-7.271.668.382.845.430,5.380.165.598.443.120,-7.054.836.654.172.080,-11.107.726.744.420.000,25.688.716.734.016.600,-17.563.610.316.384.900,0
201,-12.443.761.187.299.000,11.345.793.093.108.300,-6.776.805.574.459.120,4.407.004.967.190.770,-2.431.307.576.770.760,1.155.979.970.637.200,0
202,15.039.439.689.557.500,20.067.856.272.766.800,-2.115.541.617.914.250,-20.271.378.623.388.900,-10.527.238.887.984.500,30.808.566.075.914.000,0
203,4.180.767.809.724.750,-7.438.942.972.280.800,-22.537.696.769.996.500,-34.330.502.502.378.200,15.600.304.556.807.100,11.294.803.244.203.300,1
204,-2.503.576.415.653.050,2.944.723.812.866.130,14.307.456.862.132.100,709.312.505.327.159,-35.443.197.802.624.700,17.713.889.743.890.100,1
205,15.209.837.718.770.500,16.866.652.035.531.700,15.957.019.716.550.500,-9.838.415.077.308.460,7.547.132.869.275.370,13.481.478.486.069.700,0
206,-39.960.884.499.632.300,3.499.709.015.674.670,5.963.812.157.502.040,-9.197.121.673.385.820,7.287.136.639.157.600,-22.981.115.871.297.400,0
207,-6.845.406.848.844.910,-748.839.946.357.849,-11.849.656.051.815.800,-1.434.238.949.057.380,3.832.501.052.891.010,-7.601.807.312.287.330,0
208,-15.686.168.483.912.900,-15.933.495.581.438.400,-9.361.879.737.854.130,-5.738.395.821.257.280,-16.026.255.649.880.600,-19.913.220.473.802.100,0
209,-13.229.316.875.457.000,-8.064.274.688.908.300,-1.816.126.608.065.080,-16.479.716.813.649.900,-2.597.213.002.092.570,1.048.210.268.761.720,0
210,125.995.989.527.955,9.187.451.648.117.330,-7.607.302.502.116.420,-2.843.209.098.517.190,1.111.137.110.410.720,-421.897.004.605.349,0
211,-7.379.840.154.398.860,-13.641.087.044.684.500,-10.666.419.995.943.600,-10.019.198.070.810.700,523.244.285.217.813,-40.755.002.017.047.900,0
212,13.430.900.169.423.900,13.052.995.650.151.700,721.697.050.164.597,10.131.769.625.304.600,3.103.973.081.487.530,-3.425.770.720.815.520,1
213,-13.334.230.832.277.500,1.984.776.369.950.280,13.591.953.793.934.200,-6.624.723.892.617.950,-10.450.646.616.548.100,5.657.169.795.528.690,0
214,24.422.929.216.254.700,-2.124.670.622.212.170,1.161.238.432.588.380,8.594.492.583.810.040,17.185.709.388.148.600,-18.772.241.068.052.900,1
215,-21.371.032.242.519.000,222.322.574.640.115,2.533.092.855.394.930,-1.804.219.347.013.030,-23.968.055.566.172.300,539.473.373.693.372,0
216,-27.272.440.872.595.700,28.128.835.141.677.800,-7.317.937.818.276.650,-4.803.479.506.902.250,-12.095.709.037.761.200,4.236.731.987.495.630,0
217,-7.806.992.478.006.090,16.906.738.273.974.900,-6.447.988.190.402.900,-2.112.397.051.860.830,-5.612.979.198.534.370,-6.542.002.848.756.770,0
218,-16.340.698.473.042.700,-2.661.591.816.321.450,-9.401.211.731.428.010,-36.186.722.274.803.300,37.823.113.610.487.600,28.995.244.074.984.800,0
219,-49.229.914.780.159.000,11.886.827.654.052.200,-77.545.933.213.561,-2.360.829.776.873.850,10.542.855.358.715.200,6.469.443.909.637.080,0
220,-5.956.231.013.659.130,21.254.510.748.680.400,-24.577.740.621.596.900,-30.941.495.718.910.100,17.103.800.908.989.100,-5.799.735.991.408.240,0
221,-1.234.538.013.316.470,-19.564.579.482.980.200,-7.891.660.078.579.620,-1.293.777.812.039.030,-2.695.376.510.634.710,-10.100.459.392.838.200,0
222,-1.827.247.292.190.090,15.946.708.935.894.600,26.069.754.046.000.400,-48.446.943.660.873.700,-8.393.360.974.603.960,60.136.977.968.292.200,0
223,2.264.924.102.928.540,-21.255.040.116.880.300,10.144.846.641.790.400,-10.789.074.453.985.600,3.062.294.301.085.790,14.250.382.257.616.500,1
224,-39.544.622.099.016.500,-5.670.744.122.220.570,-17.073.434.044.603.200,-950.448.233.196.093,5.046.276.380.364.870,-10.110.417.646.098.100,0
225,-20.968.636.194.008.500,-33.898.088.286.197.700,-3.482.478.619.555.420,-8.000.665.842.919.000,12.328.244.381.277.500,-34.114.902.514.344.400,0
226,10.183.280.050.088.300,-19.160.372.819.836.800,11.925.605.281.123.900,33.901.940.358.594.600,26.815.298.145.410.300,-24.566.527.595.940.300,1
227,-18.373.214.582.597.200,-2.533.778.689.182.860,-12.092.968.797.191.100,-10.244.662.018.792.800,47.341.204.461.446.800,-7.956.897.629.952.760,0
228,-26.697.710.323.524.700,-4.086.818.587.488.010,-16.175.401.924.744.700,-19.071.202.732.249.400,8.774.592.605.582.590,7.132.198.203.959.860,0
229,10.632.714.441.046.200,-7.474.648.535.736.610,1.065.238.648.118.680,23.983.030.452.135.400,14.693.031.054.623.800,7.070.458.941.340.700,1
230,-1.807.496.589.975.830,-11.656.673.681.057.900,-9.952.792.188.280.710,-13.624.231.193.901.600,-8.044.486.550.328.730,-9.831.221.345.818.410,0
231,-22.600.504.710.100.300,14.919.345.118.460.500,-2.708.127.039.489.030,44.244.173.189.083,-3.700.693.426.644.960,11.188.256.537.064.200,1
232,-26.273.945.012.448.400,-21.555.264.045.512.100,-14.398.166.465.022.200,-17.754.888.888.147.200,56.674.625.451.171.700,-33.362.455.179.405.000,0
233,-13.068.594.624.396.700,-24.214.301.425.671.200,-8.550.713.378.297.490,-1.054.352.167.721.690,10.149.949.573.212.300,22.659.199.149.281.000,0
234,-38.384.934.518.377.200,-18.706.878.034.277.300,7.763.348.434.959.760,-40.129.078.174.654.400,17.933.221.671.945.400,7.303.621.903.339.460,0
235,-13.309.375.780.998.000,7.911.802.080.453.150,19.220.472.769.093.300,-22.589.449.318.318.400,13.179.772.012.990.900,650.459.960.737.697,0
236,-5.535.428.796.556.000,-2.569.701.937.378.320,-6.257.069.424.048.780,-12.182.324.361.100.300,3.095.793.258.167.020,36.425.021.222.298.900,0
237,-14.394.913.529.429.300,9.291.672.834.167.140,-14.652.535.536.670.900,-25.546.801.013.663.000,-2.383.662.134.711.100,-6.113.227.792.191.070,1
238,-6.120.946.037.214.510,22.448.636.270.267.600,-22.806.065.146.735.700,-8.284.803.667.229.920,-1.532.398.575.994.680,7.236.351.099.079.710,0
239,-1.393.478.222.600.610,-6.587.688.263.303.260,-9.650.423.082.216.980,-3.722.328.013.491.230,-8.535.575.679.561.080,1.268.909.642.515.820,0
240,13.601.336.643.477.100,-175.116.868.502.249,17.735.283.226.582.300,2.331.789.629.952.310,15.384.907.805.406.700,7.866.041.086.160.770,1
241,-12.168.752.809.502.000,2.483.177.686.221.450,7.199.462.897.667.540,-9.202.559.835.805.510,-15.004.015.894.367.800,9.907.980.883.522.070,0
242,7.792.590.780.416.480,27.875.526.088.295.800,-15.916.141.600.861.500,-20.025.097.333.250.400,-8.453.960.698.946.700,8.181.272.862.481.830,0
243,6.788.649.835.963.980,-17.419.301.641.767.500,-14.099.381.388.040.100,-10.373.830.070.879.200,1.192.578.124.674.590,-3.946.268.121.983.990,0
244,7.204.939.266.474.090,-8.757.276.979.946.240,-2.868.264.013.875.350,-29.744.724.120.514.800,162.882.191.923.636,12.653.660.930.315.600,1
245,-5.479.941.463.212.810,18.016.411.603.934.800,5.131.093.675.794.260,-10.971.413.959.028.700,-5.310.461.269.566.050,-20.384.093.073.864.800,0
246,-5.323.856.428.382.830,-2.144.365.848.752.650,-11.802.830.222.948.300,-7.629.781.493.932.660,9.713.697.002.075.720,3.859.186.273.228.050,0
247,28.649.662.617.408.300,-4.172.410.873.177.220,-22.875.544.716.755.100,-20.938.607.584.925.700,6.860.062.859.366.650,-9.033.609.575.476.900,1
248,-10.178.526.688.697.700,17.408.248.717.406.500,19.173.181.600.696.300,-18.911.313.135.518.000,6.049.658.804.251.250,-45.610.573.514.057.000,0
249,-10.533.909.896.056.400,15.799.855.201.706.600,-41.778.658.134.268.500,12.567.202.670.737.900,-3.055.735.300.129.440,-8.105.647.096.253.650,1
250,-10.215.442.309.909.900,14.980.759.692.148.900,12.521.935.506.612.900,-10.999.608.422.798.800,-21.691.772.161.284.700,-6.368.595.869.286.070,0
251,-21.201.788.278.413.200,9.143.698.517.785.960,-12.241.193.143.626.800,2.239.586.219.098.810,-15.560.269.077.691.100,10.685.208.833.869.400,0
252,1.592.087.415.193.090,-275.793.938.674.432,10.079.867.745.507.400,2.063.198.445.417.440,4.166.269.402.080.720,7.226.834.412.059.600,1
253,14.033.258.493.677.600,-43.304.493.030.930.100,1.106.252.714.777.150,-5.306.240.430.091.110,23.809.142.646.988.500,7.632.609.218.748.410,1
254,-2.466.363.808.146.360,-29.562.201.717.673.700,-9.450.891.037.822.730,-15.664.899.066.491.600,8.743.009.959.790.040,-10.585.200.500.425.600,0
255,-9.660.517.317.385.990,13.591.002.394.287.200,2.985.998.688.812.610,6.590.407.115.161.670,-1.520.689.743.656.060,513.549.025.019.274,0
256,12.946.405.818.363.400,-13.952.236.169.042.600,1.121.106.029.822.320,20.066.190.728.569.600,1.092.808.235.730.040,-3.864.552.307.559.250,1
257,-3.779.411.345.125.540,-7.479.562.013.115.170,6.604.609.333.503.820,-9.233.253.170.515.190,8.152.862.419.470.210,14.447.124.943.642.800,0
258,7.669.502.671.601.360,-1.309.173.239.709.200,5.710.459.429.840.850,49.691.370.789.776.500,14.440.892.483.062.800,28.786.589.832.281.200,0
259,-10.922.008.747.223.400,8.222.819.883.558.580,-985.634.581.384.041,9.042.569.367.021.590,-26.329.092.019.505.800,-21.948.055.321.432.800,0
260,-10.739.904.027.484.400,1.868.436.518.022.670,10.412.861.730.611.800,-15.735.093.935.337.900,-13.426.405.800.327.000,11.312.300.916.590.100,0
261,-12.875.348.093.803.500,-25.505.967.693.906.000,-15.190.547.402.581.200,-27.842.230.342.419.600,14.251.000.744.281.200,-1.201.207.329.946.320,0
262,-16.644.442.134.237.000,41.046.673.842.143.400,33.134.372.914.657.400,-12.651.159.748.279.200,14.367.985.008.172.300,7.879.014.017.276.590,0
263,13.140.069.494.437.900,-1.820.747.525.655.840,6.153.314.989.633.960,1.246.307.263.161.140,5.221.130.361.228.060,6.831.909.103.653.120,1
264,-13.327.719.517.724.800,17.250.243.545.088.900,7.863.463.592.461.360,15.734.996.812.626.300,-18.178.596.298.585.900,-16.741.856.988.139.000,0
265,-3.021.678.500.860.200,1.119.318.546.584.230,-10.032.997.124.942.000,-17.101.523.846.039.300,-3.296.446.545.568.450,-8.703.916.337.536.570,0
266,-2.140.692.682.072.100,-30.615.232.411.750.700,-8.673.772.598.800.080,-8.061.094.051.607.280,6.644.654.121.635.220,2.764.961.433.738.830,0
267,-517.874.598.061.125,-16.054.492.389.997.600,-30.083.522.906.797.400,-39.856.501.516.275.900,8.619.377.490.263.760,1.162.458.286.592.300,0
268,-21.140.819.589.813.200,-4.837.252.735.506.810,-716.745.816.761.337,-2.119.162.300.380.510,14.300.091.459.536.200,8.279.274.333.433.770,0
269,-2.929.985.048.041.760,-17.916.553.991.908.500,-2.885.349.789.984.250,-9.792.814.872.010.250,-3.004.860.514.747.410,7.477.021.151.316.460,1
270,-19.495.809.287.063.300,-3.279.772.784.471.450,-7.319.129.083.994.960,-33.284.366.498.926.100,10.799.334.032.544.800,-5.082.603.508.951.300,0
271,-1.005.301.633.049.330,-2.153.399.671.864.800,344.369.810.086.379,-20.051.877.105.844.100,11.307.079.612.121.500,-7.299.409.459.020.470,0
272,-240.796.384.739.619,-24.139.093.443.348.700,-12.269.460.811.665.100,-10.994.817.596.330.100,20.663.556.140.687.000,11.387.347.742.736.000,0
273,-1.487.104.516.641.250,250.615.098.245.563,1.256.141.452.803.270,-2.109.360.217.822.270,-5.047.875.300.476.190,16.610.914.393.788.400,0
274,-7.247.629.526.873.560,-6.245.259.423.227.200,-3.537.857.867.241.270,-92.234.082.664.379,3.848.712.901.746.010,-3.871.382.338.034.070,0
275,15.583.680.149.089.800,9.458.599.191.017.140,5.345.477.794.816.030,9.400.151.003.900.860,9.121.306.397.601.490,-779.933.965.850.558,1
276,-14.771.007.391.400.100,759.482.899.474.649,30.509.471.495.228.100,-7.291.366.187.997.250,772.059.443.830.197,6.575.984.817.044.910,0
277,-5.293.602.702.645.060,8.279.042.253.682.440,12.284.213.713.676.800,-17.045.510.146.918.700,10.447.793.659.966.400,8.586.183.980.760.150,0
278,9.457.193.715.885.530,6.148.224.504.429.720,-8.377.439.745.588.540,-4.325.677.915.088.270,23.588.924.021.109.000,7.115.159.902.687.390,0
279,-13.939.729.161.954.700,4.338.400.525.565.080,-16.359.656.056.270.600,-1.761.734.657.741.940,-984.852.818.298.064,-2.690.027.758.831.080,0
280,2.045.835.939.591.770,-2.989.101.010.634.340,8.928.160.609.777.690,1.364.050.914.903.460,12.139.410.828.091.900,3.874.318.715.842.600,1
281,-5.042.232.363.994.840,14.424.251.859.268.100,11.091.409.938.838.200,-9.246.886.988.089.200,28.866.717.140.312.000,-5.643.772.140.185.200,0
282,4.167.215.520.900.060,9.605.006.171.365.940,-18.504.824.525.787.300,-47.133.874.217.057.700,-11.283.746.775.747.500,-15.893.573.532.878.100,0
283,6.733.608.311.315.330,-1.569.903.032.214.600,6.810.498.869.056.040,-11.684.091.792.984.500,28.650.549.923.969.800,-17.635.533.641.868.200,1
284,-2.100.526.872.026.910,-20.673.533.562.355.700,-2.414.378.779.497.720,-9.250.155.952.469.560,-8.411.762.798.476.390,49.908.979.505.332.200,0
285,-1.243.992.016.856.850,-10.604.301.076.977.800,18.713.244.511.208.000,-2.343.890.806.176.110,1.974.080.455.987.050,-10.939.142.302.122.300,0
286,6.860.768.137.866.150,-2.222.502.789.341.840,3.958.110.474.292.540,9.492.576.977.038.010,1.837.995.928.811.360,23.948.946.811.277.900,1
287,-2.864.154.230.041.820,-2.189.628.372.023.360,-10.573.371.185.437.300,-8.877.298.714.047.400,-5.231.530.620.678.200,2.010.481.634.591.570,0
288,-18.623.576.936.241.000,-11.229.496.598.194.300,-1.302.480.607.930.320,-6.553.227.850.015.740,-8.613.762.936.946.990,-3.753.769.555.930.870,0
289,-9.275.706.646.980.950,-24.951.853.014.644.600,-11.238.007.174.900.400,-11.390.917.938.711.800,47.988.719.492.887.400,2.307.020.916.953.610,0
290,-24.283.766.900.946.400,24.166.368.531.223.600,37.067.132.178.278.400,-24.039.523.502.659.800,-30.497.112.935.136.100,-10.715.288.103.553.600,1
291,-465.289.429.227.017,-674.764.825.521.087,-6.643.710.986.568.090,-1.306.363.166.978.210,2.837.133.468.843.900,10.183.553.842.282.600,0
292,9.879.068.598.624.890,6.765.053.209.576.900,22.832.336.798.181.300,3.677.886.986.984.760,10.768.984.105.156.100,-5.977.603.327.764.280,1
293,-7.749.420.765.924.150,6.752.998.749.576.620,-4.687.901.873.789.750,-2.942.728.104.739.130,11.551.986.804.771.900,-15.538.341.856.950.200,0
294,-5.633.694.741.885.720,13.854.168.769.004.900,1.327.621.047.376.400,-34.079.191.056.993.400,1.959.214.534.614.420,-9.863.267.639.250.570,0
295,6.596.265.482.525.560,-1.983.867.748.023.720,8.893.777.746.845.740,11.330.581.562.851.100,1.554.713.395.121.700,1.583.377.881.529.530,1
296,-8.566.068.279.578.330,6.654.529.107.126.420,-20.456.151.290.783.500,-8.609.819.582.568.190,-16.735.711.881.412.300,8.018.309.825.449.190,1
297,699.243.344.739.779,16.541.010.593.249.700,863.833.531.575.251,-9.818.618.907.649.590,135.447.814.284.116,1.323.378.273.533.640,0
298,15.926.001.213.455.000,22.467.443.021.454.300,-5.291.550.893.667.390,12.087.977.347.732.800,-16.316.756.603.736.900,-10.248.061.533.371.200,1
299,-8.340.014.678.826.420,-7.155.339.496.453.860,191.113.050.178.082,5.790.631.102.355.080,1.605.372.523.099.830,12.271.516.741.227.900,0
300,-3.794.711.045.555.200,-16.246.178.905.648.000,9.959.017.151.904.080,-1.706.097.585.100.510,27.285.394.248.780.500,10.330.749.845.985.100,1
301,-18.002.609.694.129.300,-14.679.086.707.114.600,-17.194.706.213.840.500,-14.829.200.392.697.400,-2.090.783.918.382.320,-4.019.875.576.756.350,0
302,-9.837.901.753.377.170,9.536.773.864.483.970,-9.445.584.621.347.480,12.934.443.551.534.200,-29.112.903.357.158.500,637.338.547.767.729,1
303,-16.614.674.934.453.900,2.423.257.098.284.570,30.744.097.798.443.600,-6.884.010.585.594.270,-5.404.103.462.048.330,-765.280.061.943.342,0
304,-13.422.289.795.962.700,-48.793.568.766.278.000,-27.571.046.313.839.500,-15.796.267.783.296.800,-11.121.318.737.101.800,567.425.671.620.541,1
305,30.396.627.151.752.700,-3.639.970.519.576.620,705.763.653.421.898,6.062.582.740.358.690,6.567.763.092.829.800,-5.354.218.773.333.480,1
306,13.781.648.011.476.300,-2.456.782.733.954.790,2.141.279.489.132.800,15.937.209.347.394.800,2.815.226.130.460.660,10.829.627.710.191.100,1
307,-13.372.904.077.968.800,455.338.278.514.819,3.173.481.010.103.930,-533.929.402.591.914,-18.488.132.136.606.100,-10.586.105.905.291.900,1
308,-9.608.048.140.785.860,-12.169.642.898.470.300,6.896.168.605.526.710,-13.526.988.582.237.000,2.202.299.649.137.930,14.589.253.591.685.800,1
309,-2.102.212.168.707.630,3.080.083.933.808.780,12.224.196.287.241.400,2.523.310.007.943.030,-4.824.049.744.977.590,-27.510.133.565.856.300,0
310,-2.580.859.421.506.320,-35.403.870.900.265.000,-14.214.074.553.898.300,-7.491.534.365.002.760,3.043.620.737.760.850,-18.384.688.072.187.900,0
311,-26.061.734.671.338.200,8.048.422.774.151.840,-15.231.444.304.351.900,8.961.450.082.711.760,-4.036.580.994.778.440,-32.848.297.141.053.300,1
312,-30.334.417.651.965.800,-3.242.381.916.233.700,-830.074.556.724.139,-19.292.591.146.649.800,10.018.415.394.631.800,-47.066.136.172.780.200,0
313,-1.572.389.605.817.750,1.600.071.926.867.510,-19.579.577.474.420.600,12.875.152.602.290.500,-33.362.276.050.170.900,10.644.827.536.085.600,1
314,10.464.559.067.076.600,-18.205.954.248.733.200,1.419.896.926.811.090,16.202.837.249.733.600,16.770.258.083.189.300,12.913.695.314.517.200,1
315,10.712.265.226.040.100,-16.895.510.369.631.400,14.696.511.955.063.600,17.825.078.399.824.000,15.124.703.175.407.700,1.646.078.453.081.550,1
316,1.751.516.911.440.570,-11.279.925.882.966.900,14.073.385.972.133.100,1.687.641.207.294.900,16.473.197.451.515.900,-15.656.244.563.894.500,1
317,-28.411.741.650.419.700,-29.967.046.426.917.200,-597.625.029.287.833,-12.404.332.397.212.300,5.961.656.467.831.470,-3.239.198.165.469.290,0
318,-13.197.701.008.128.000,19.091.247.895.081.000,12.860.325.125.337.300,-8.023.922.088.017.470,-9.219.839.033.270.900,-9.368.006.193.836.460,0
319,12.192.124.374.927.100,-22.867.606.012.953.400,5.697.999.521.343.980,10.860.229.893.670.800,4.341.430.642.291.920,-41.737.132.376.478.700,1
320,-2.394.514.584.482.730,1.782.626.914.944.810,2.915.175.965.327.810,10.492.370.857.312.600,-2.015.251.704.926.520,-4.320.016.042.509.390,0
321,-12.526.474.147.453.900,-38.550.808.513.465.200,-13.265.608.175.824.800,-8.382.385.701.123.660,-8.120.913.045.727.580,-8.092.882.872.442.900,0
322,6.606.747.996.207.680,6.990.805.125.401.260,-7.488.615.286.093.250,-46.536.981.401.202.000,-5.433.410.848.432.740,-3.348.484.836.047.800,0
323,3.821.797.210.529.340,-21.695.300.881.958.300,14.254.506.241.036.200,-35.114.093.749.648.400,2.910.626.112.545.000,-15.348.803.196.896.700,1
324,-21.016.293.480.973.300,16.476.541.926.277.500,-7.706.711.936.967.400,15.888.863.834.281.700,-3.258.010.737.580.940,-819.865.545.033.752,1
325,2.584.061.140.799.410,11.236.517.197.959.400,5.319.453.187.285.690,43.307.913.767.201.400,-18.161.129.582.545.500,-2.598.474.170.031.250,1
326,-8.858.891.143.886.980,4.759.299.310.861.950,-10.579.128.780.436.200,-2.476.066.169.631.070,23.388.780.249.628.600,-35.568.291.025.788.500,0
327,-13.157.954.563.847.500,1.411.173.564.606.260,21.068.492.094.978.900,-6.976.660.685.229.860,-15.641.226.052.792.600,-2.427.203.257.678.260,0
328,-16.964.803.853.299.900,-2.240.974.661.125.270,-7.300.671.058.999.200,6.873.586.828.677.040,-6.165.179.351.591.460,-45.196.898.961.448.900,0
329,8.050.072.436.804.220,-10.837.307.254.974.400,1.119.141.981.992.990,-14.033.049.963.231.100,3.059.020.695.916.280,8.231.941.026.928.860,1
330,-19.617.164.461.890.800,16.033.215.351.292.600,16.797.406.738.594.600,10.513.851.646.410.600,-2.319.136.614.258.340,-24.099.319.385.519.600,0
331,-2.312.331.094.580.140,2.649.157.499.250.520,13.785.887.959.406.900,9.754.965.328.072.380,-3.428.612.576.572.580,53.522.797.899.045.200,0
332,-10.063.654.789.652.200,11.494.246.864.562.900,14.929.618.342.814.000,-7.127.205.525.849.840,-10.626.593.369.323.700,-15.157.103.384.012.400,0
333,3.908.425.270.789.150,-1.647.635.092.496.750,-22.434.899.332.918.400,-21.824.529.224.918.300,6.778.367.509.870.860,-596.988.390.975.772,1
334,-9.110.636.139.619.530,1.164.637.646.734.590,5.019.132.629.224.250,-6.062.636.926.958.770,-7.220.547.637.380.540,11.211.148.799.491.100,0
335,-9.689.230.865.389.920,16.983.376.938.235.500,7.602.033.595.022.080,-14.832.398.916.536.900,-32.846.495.925.314,-15.130.069.360.970.000,0
336,-24.069.517.146.390.600,-13.917.296.275.852.000,30.253.060.298.747.200,5.533.419.664.801.910,5.669.357.002.664.670,-1.190.199.028.095.510,0
337,-233.031.729.128.932,-12.178.234.032.980.700,7.220.689.255.937.840,-19.002.120.366.947.400,1.765.146.678.024.020,707.626.329.822.504,0
338,548.801.720.654.476,16.366.423.346.736.400,-2.295.176.771.849.830,-21.940.250.762.754.200,-4.884.010.692.641.630,-7.220.679.929.956.270,0
339,16.604.049.961.946.500,-2.842.932.414.010.770,-2.454.071.448.444.100,-2.513.545.316.018.920,1.803.306.035.355.740,-13.013.230.789.056.400,1
340,12.376.982.957.248.300,-649.652.728.867.111,5.011.977.220.180.850,1.703.098.474.033.430,3.845.233.456.661.370,11.651.237.398.201.300,1
341,-1.650.612.015.323.260,-9.400.684.835.276.940,-21.610.782.459.819.800,-1.631.365.001.414.450,-6.237.439.841.540.000,10.578.685.276.747.300,0
342,24.938.041.444.850.200,120.699.459.749.859,-13.452.906.158.043.600,-5.370.107.227.953.930,2.530.972.179.159.470,17.330.469.928.579.400,0
343,-9.615.503.085.598.580,25.954.798.185.852.200,42.259.570.989.588,-16.455.433.002.238.700,-10.316.613.604.546.500,-3.650.982.227.406.630,0
344,-13.491.234.025.458.900,14.356.410.123.567.500,24.800.502.070.710.400,-2.848.444.324.889.580,-2.811.918.488.099.900,21.489.575.383.822.000,0
345,-11.552.397.224.866.100,-1.742.637.433.113.070,-1.521.464.041.976.200,-12.956.020.605.590.900,43.047.949.718.561.100,-3.497.975.011.412.260,0
346,-14.761.530.051.232.600,1.073.994.517.582.150,-8.085.423.911.093.600,-4.148.578.574.841.340,7.833.174.997.729.300,-2.018.200.969.345.480,1
347,-12.418.369.183.609.100,-28.042.432.515.161.500,9.044.681.771.125.190,-4.545.372.722.279.960,33.701.698.120.317.000,-5.186.805.821.357.180,0
348,-6.477.389.140.969.640,-17.511.458.225.892.200,-8.063.251.009.454.280,-14.782.510.995.415.600,13.703.357.038.738.200,-17.300.337.394.352.900,0
349,-2.152.302.849.814.880,-2.046.908.164.254.130,-23.775.113.964.069.400,-9.430.202.577.974.120,-857.500.465.137.986,-29.689.685.132.050.400,0
350,-2.501.131.852.573.600,2.713.288.122.377.850,-3.538.583.875.140.710,-10.679.779.097.953.000,-3.334.360.627.156.640,-9.237.864.361.929.600,0
351,11.170.485.187.886.000,-5.158.608.488.535.700,5.322.059.484.654.310,2.510.072.891.117.460,-37.914.225.028.312.300,14.751.613.474.066.800,1
352,-17.443.901.294.572.400,138.966.650.307.067,27.111.350.928.619.700,14.755.859.149.336.900,15.432.017.850.012.000,-4.201.135.615.760.170,0
353,-2.147.990.841.527.590,16.488.434.924.408.900,-22.209.638.978.639.600,1.575.920.542.758.820,-4.182.273.403.972.800,10.642.243.232.649.900,1
354,13.512.864.473.052.400,3.134.174.638.490.150,-1.373.515.423.523.030,-16.041.940.686.404.800,1.613.437.274.936.410,1.838.768.423.766.370,0
355,-18.530.644.293.910.700,-8.107.820.074.563.140,-16.276.338.442.194.000,-769.835.382.564.456,-11.826.283.161.892.200,-9.968.173.024.969.640,0
356,12.828.213.737.403.900,21.785.594.886.203.900,9.731.350.884.189.420,3.641.101.578.457.570,-2.776.344.872.779.430,13.891.630.478.705.900,1
357,-1.327.025.059.766.490,19.973.697.210.072.100,1.010.733.591.229.010,923.001.064.205.587,-11.837.903.969.497.700,11.389.087.540.744.100,0
358,-28.510.363.261.662.100,26.842.341.410.588.200,5.596.697.148.034.240,24.831.294.653.803.100,-5.459.146.866.571.270,-9.128.643.177.636.290,1
359,8.894.311.863.649.110,-7.744.384.322.848.590,11.084.624.317.989.900,10.417.471.908.278.200,10.761.886.267.742.500,-878.786.888.332.108,1
360,-1.638.677.655.682.860,-18.731.021.658.449.200,-33.494.995.068.970.200,-10.821.501.811.626.500,7.240.110.988.458.350,4.311.209.640.974.090,0
361,-15.778.355.088.014.300,-2.687.672.999.627.030,-8.009.955.474.691.850,-7.820.567.641.906.090,8.338.652.850.127.410,42.475.618.113.236.200,0
362,-6.571.974.672.468.400,3.926.471.483.290.880,-24.436.741.957.565.000,-7.106.503.865.386.450,-2.837.534.903.670.250,12.197.107.498.901.900,0
363,-6.994.856.650.976.000,10.095.852.604.434.200,4.789.990.499.852.750,-1.241.131.138.975.250,-8.854.220.101.589.530,-20.190.192.250.408.800,0
364,-1.042.997.909.055.370,-7.759.749.610.582.180,-3.341.348.657.178.690,-14.326.406.913.515.600,6.516.197.054.534.100,-25.402.450.744.924.700,0
365,-647.654.215.643.455,5.760.215.989.734.300,-15.607.657.957.541.400,-14.744.698.841.808.000,-7.112.130.887.097.190,-44.489.434.654.884.600,1
366,10.419.682.803.025.200,-1.318.787.357.438.880,-3.349.996.333.743.860,-3.317.342.601.689.840,21.379.605.926.141.700,-9.111.739.763.508.280,1
367,-15.878.696.549.733.800,-2.439.120.784.672.800,49.102.969.342.509.700,-4.854.027.549.787.930,-5.912.980.148.700.410,57.136.355.161.263.300,0
368,4.992.852.257.258.180,-17.613.204.681.501.300,-1.312.109.465.208.260,-28.028.241.009.899.000,17.859.174.095.087.600,-3.363.223.685.796.620,0
369,-18.477.384.206.339.400,16.958.035.808.075.600,3.178.000.317.385.270,6.632.892.764.444.030,-11.122.801.145.728.600,-7.939.366.741.048.330,0
370,-1.519.590.092.236.220,-906.815.641.867.963,-6.303.833.643.492.360,-14.526.978.214.360.900,23.408.550.870.842.300,9.526.804.128.416.710,0
371,11.099.111.867.196.600,39.808.603.602.936.100,-938.359.656.034.433,-29.998.473.205.941.100,-5.374.371.404.890.850,1.968.476.308.426.540,0
372,-16.290.299.107.930.800,-9.898.636.062.439.140,-2.256.509.648.726.310,-15.448.580.893.200.700,-6.950.352.196.849.440,-29.677.326.096.569.500,0
373,-3.593.099.279.551.980,9.484.289.434.674.160,7.516.611.458.167.880,-2.554.413.253.855.830,2.086.926.456.032.430,1.125.692.816.016.910,0
374,741.109.841.951.666,-5.382.302.493.509.500,-22.700.277.037.348.900,-14.194.766.832.219.200,12.442.436.755.428.300,-4.858.626.884.043.040,1
375,-3.147.241.917.713.720,-4.731.926.536.797.610,-885.718.798.261.009,-39.414.165.839.805.200,7.827.377.398.201.680,-5.643.946.415.067.030,0
376,-1.681.248.296.217.110,-30.594.150.608.185.000,3.275.659.969.533.200,-1.099.963.579.063.210,11.078.558.767.898.500,18.832.757.674.110.600,0
377,-4.100.304.877.154.660,-32.974.916.336.496.500,-35.205.811.312.140.100,-14.459.902.533.162.000,7.986.054.562.713.770,15.816.989.681.214.900,0
378,-7.847.507.069.415.870,9.088.301.873.861.410,-933.748.717.738.614,-13.548.834.150.103.900,-7.558.823.610.949.580,-6.469.451.712.496.140,1
379,8.321.395.695.101.860,-28.259.807.810.396.300,21.681.845.986.845.400,49.910.031.795.542.100,3.508.410.807.249.810,1.689.996.603.111.530,1
380,-6.098.352.230.452.770,13.485.037.219.175.000,-10.322.152.137.543.400,-1.991.273.564.166.970,3.268.394.662.014.370,7.835.830.685.472.920,0
381,-11.030.670.120.568.500,1.302.565.223.220.200,5.871.312.806.686.280,-1.824.664.528.535.250,1.097.135.872.970.110,12.893.419.124.781.400,0
382,-2.069.421.383.174.870,3.032.791.887.278.860,1.305.661.235.491.670,5.054.344.159.305.540,-3.213.849.209.262.790,-14.081.033.738.128.900,1
383,-7.813.409.887.761.910,6.668.111.738.198.150,5.269.164.465.802.030,-931.732.369.317.286,-2.258.404.400.398.820,22.964.141.638.986.900,0
384,9.830.367.817.933.120,20.962.650.644.975.200,17.008.721.830.373.300,8.188.923.885.711.670,5.927.640.815.258.780,-10.754.227.768.446.600,1
385,-19.655.225.253.274.000,10.020.179.478.012.800,28.268.138.940.628.800,18.427.669.819.294.800,-5.670.761.970.700.300,12.831.403.052.980.800,0
386,-15.145.727.885.269.600,-16.481.032.700.217.800,-6.899.885.709.634.470,-12.618.630.288.635.500,5.776.451.417.836.610,-2.625.403.232.820.610,0
387,-8.536.648.527.082.230,15.653.386.557.144.300,482.767.717.258.315,-1.644.194.255.961.870,-19.852.921.042.093.100,7.626.695.504.385.520,0
388,1.352.788.817.962.930,4.430.959.900.770.130,394.968.795.209.354,-15.131.012.062.561.000,2.343.501.589.574.890,617.240.454.356.382,1
389,4.669.280.631.703.230,-40.473.470.402.733.200,-7.398.578.221.639.670,-11.189.789.257.856.600,14.110.053.587.439.700,-2.492.356.202.902.900,0
390,-37.777.720.814.205.200,21.502.099.146.332.600,1.142.838.144.625.500,2.461.264.941.796.900,-6.071.772.462.852.700,-16.404.613.570.564.000,1
391,9.029.003.598.685.960,8.211.008.365.606.640,-36.206.607.243.477.200,-1.075.177.790.560.380,6.655.295.836.761.300,-23.148.498.600.021.200,0
392,-41.939.058.713.814.100,-2.628.112.259.483.070,-16.041.693.577.814.400,-5.608.036.203.617.880,18.530.782.353.095.300,-16.087.686.632.045.200,0
393,-499.166.488.375.975,-2.525.359.862.488.850,10.196.373.277.712.200,9.368.825.235.429.840,1.642.238.093.603.480,8.981.397.208.166.350,1
394,-769.213.250.934.715,6.170.905.750.793.880,-11.769.930.075.599.300,-46.050.009.858.075.000,-15.094.224.615.163.800,13.321.891.107.607.800,0
395,-2.543.704.548.080.710,-43.540.428.868.067.400,-26.390.131.112.042.900,-18.684.197.431.561.400,-20.088.278.452.401.100,7.475.532.336.563.200,1
396,-34.860.217.121.910.100,2.771.240.563.258.340,33.034.016.572.288.900,-3.622.979.849.308.260,-3.998.710.039.002.350,6.122.760.847.017.320,1
397,-14.376.901.233.671.500,-26.683.107.267.510.900,3.685.130.292.445.630,-7.756.599.416.541.200,16.195.083.827.826.600,-9.916.604.426.336.650,0
398,-13.342.909.153.611.600,-13.206.033.509.238.900,-8.774.494.949.361.040,-7.977.483.264.232.180,21.400.739.820.307.300,11.471.119.271.082.300,0
399,-19.999.397.449.088.800,3.292.827.732.689.370,15.403.901.528.870.100,-3.337.556.612.685.270,-3.409.992.315.930.830,24.781.127.951.452.600,0
400,-2.777.060.045.471.260,-22.998.832.278.317.100,33.749.662.456.357.800,-11.225.842.724.336.100,6.295.548.353.744.590,-3.579.060.646.290.340,0
401,17.386.806.942.087.200,-8.567.944.869.588.960,-8.162.796.387.360.630,-8.995.619.304.472.620,9.049.041.780.886.580,-12.797.463.552.851.500,0
402,-16.203.409.948.533.000,1.157.736.170.019.740,19.751.441.987.817.700,16.419.786.399.536.900,-20.226.398.000.137.000,-553.687.742.029.664,0
403,-17.401.986.567.587.900,7.661.908.811.906.910,-15.667.382.065.787.500,-1.101.051.180.823.930,-19.190.706.790.423.300,-1.098.091.293.436.010,0
404,-18.164.412.264.219.500,16.732.641.709.825.900,2.221.534.294.002.370,-14.496.405.771.488.200,-7.389.227.804.809.210,-27.745.368.654.343.900,0
405,-8.412.963.393.864.760,-5.300.790.901.912.570,-1.430.930.782.396.770,-12.329.831.785.364.000,-18.101.107.271.570.000,-2.977.973.995.442.880,0
406,-6.081.915.947.329.490,818.436.189.874.923,9.430.770.713.164.940,7.197.651.616.441.300,-9.833.483.186.586.870,-19.352.305.848.077.500,0
407,-13.467.617.905.517.700,-23.254.318.648.920.400,-15.901.136.035.570.200,-5.437.386.964.232.840,9.720.797.803.901.680,1.658.207.372.611.800,0
408,-23.589.710.125.920.000,7.693.843.320.842.570,-11.377.931.433.155.600,-22.491.381.520.607.500,28.375.017.762.136.900,7.706.386.789.501.380,0
409,8.127.255.162.895.970,-12.762.053.811.670.500,10.537.728.742.791.600,15.620.351.047.308.800,9.505.801.688.415.820,14.981.952.869.151.400,1
410,12.516.200.053.247.100,9.882.994.063.088.830,12.232.649.984.176.100,41.591.279.735.171.700,-18.172.492.251.581.400,8.318.971.672.151.420,1
411,-6.122.042.248.962.560,-22.330.835.145.611.000,-4.776.454.217.569.720,9.090.607.922.418.400,15.155.598.448.770.200,-8.022.022.842.362.010,0
412,45.378.999.956.694.800,-24.422.936.662.071.000,14.592.669.165.822.300,-3.146.764.929.428.370,8.221.437.350.736.740,15.354.863.832.074.100,1
413,-1.626.919.237.391.550,1.677.956.042.509.980,12.355.010.053.666.600,-19.547.281.196.350.700,-1.552.959.638.562.350,9.773.153.010.514.680,0
414,6.795.039.280.419.340,-9.393.256.546.855.160,5.879.149.315.071.490,2.016.175.558.569.850,4.516.101.962.308.560,-9.178.524.318.959.370,1
415,-15.782.622.695.752.800,23.043.398.226.577.300,180.396.679.001.934,-1.991.453.705.368.970,-1.889.018.224.343.210,-29.373.808.655.807.500,0
416,-8.332.081.779.169.760,18.942.975.623.545.600,2.649.252.130.348.730,-657.232.386.628.599,-12.796.064.832.121.400,-7.436.616.133.667.650,1
417,-7.203.856.814.605.960,-2.396.096.963.126.220,-2.807.383.185.565.480,6.429.628.824.615.030,6.550.786.183.394.150,-8.289.276.130.048.950,0
418,-15.327.075.845.077.000,13.301.206.470.722.000,9.868.434.838.478.560,16.310.588.242.081.400,-26.647.011.890.057.100,7.041.771.224.811.350,0
419,-24.280.421.672.311.800,-9.040.153.519.400.120,-7.499.989.662.829.910,-17.334.594.573.660.600,-2.900.667.524.614.040,9.197.052.932.271.650,0
420,-1.230.103.984.214.320,9.254.247.334.424.960,32.140.856.267.077.500,-26.312.156.604.695.100,5.862.082.904.982.340,-36.969.705.597.108.600,0
421,-12.916.757.412.890.500,24.974.517.901.130.700,9.694.856.502.940.180,-17.232.485.103.770.800,-19.720.838.373.730.600,16.643.123.877.245.400,1
422,-19.832.062.086.738.800,1.121.085.328.749.780,16.329.831.084.623.900,6.172.964.058.152.470,-17.025.015.667.621.000,11.151.667.740.890.100,0
423,-15.766.381.612.347.600,28.658.814.407.182.000,1.839.780.459.963.190,-28.618.544.708.471.100,8.994.676.250.481.000,3.731.117.466.216.150,0
424,-2.187.968.347.389.220,-27.308.565.589.531.900,-20.335.682.092.203.200,-19.702.623.139.050.500,5.662.618.111.826.460,-17.877.508.378.290.500,0
425,-17.843.534.446.218.800,-129.331.484.220.453,-15.050.028.286.457.200,-424.564.486.255.276,-9.792.408.715.131.450,3.202.774.109.710.960,0
426,38.707.080.902.831.100,-6.928.849.874.135.250,-4.077.352.692.691.400,-29.194.470.402.557.000,2.695.349.427.754.010,-8.568.288.010.766.090,0
427,-7.765.908.790.046.700,-15.478.492.972.802.900,-19.038.548.938.005.300,-242.290.116.118.278,-44.503.834.553.568.900,7.842.997.697.226.150,0
428,-1.265.824.326.264.890,19.287.732.545.631.700,-8.053.918.175.657.480,-4.271.641.391.394.690,-2.283.032.422.895.430,4.027.222.168.728.200,1
429,-2.448.721.320.855.980,-2.037.645.964.759.910,-24.319.123.287.049.200,-10.330.427.053.465.300,-1.044.770.151.068.880,5.290.162.998.921.080,0
430,-6.549.506.678.069.700,14.746.811.038.202.600,7.052.076.820.958.520,4.916.234.960.095.850,-14.486.130.980.644.500,-6.390.503.970.850.300,0
431,19.243.703.928.106.800,-25.715.822.784.105.700,2.278.172.764.482.060,1.463.450.818.976.170,3.471.230.534.336.390,-6.629.787.800.892.200,1
432,-13.266.340.797.569.700,-33.411.767.059.286.200,-11.977.606.112.622.400,-1.305.108.479.420.790,7.491.529.619.970.520,-6.475.729.955.743.990,0
433,-13.470.863.238.046.500,14.236.495.617.263.900,17.143.198.190.711.500,-12.132.516.699.274.700,-3.939.963.024.934.640,647.267.486.440.488,0
434,-11.322.309.645.383.300,14.794.588.176.387.800,-1.276.607.286.561.040,-11.410.030.578.312.800,-8.417.901.259.809.390,21.145.775.386.723.500,0
435,-8.867.145.193.486.860,4.076.583.509.093.200,7.343.783.292.870.090,-22.255.976.829.160.300,-13.927.099.572.577.900,-6.827.823.584.210.690,0
436,-6.821.658.570.980.850,11.056.568.057.622.700,3.648.367.340.979.420,-27.634.041.202.819.900,17.053.591.140.609.700,-22.965.726.872.842.900,0
437,7.489.342.961.744.570,-10.895.368.381.339.300,-16.447.311.904.248.100,-10.584.133.074.299.400,6.165.824.262.498.780,6.475.976.170.456.560,0
438,-17.131.626.762.147.000,1.811.668.372.620.510,1.051.473.277.298.040,426.486.559.926.305,-2.195.890.758.695.210,21.454.334.495.696.400,0
439,43.871.835.972.616.700,2.715.532.262.638.500,-15.202.013.346.690.500,-1.215.495.427.533.080,12.163.431.086.509.200,-15.428.131.420.699.600,0
440,-2.880.257.158.330.590,-806.855.984.553.405,-2.200.098.490.855.330,-18.473.221.125.696.100,-14.720.882.080.784.100,1.444.487.488.946.500,0
441,-2.911.548.491.195.330,37.310.357.843.671.400,3.658.798.382.900.910,23.185.490.496.641.600,-42.510.282.983.005.000,-25.803.716.559.651.100,0
442,-11.027.173.984.154.100,-2.497.434.920.391.860,12.610.494.858.799.600,14.009.899.089.726.100,-9.127.432.134.763.030,-8.441.166.171.661.250,0
443,-15.909.440.585.943.500,-7.411.457.242.089.110,-24.702.018.517.407.000,-14.245.450.786.277.300,-10.590.848.890.247.500,-6.217.015.562.388.870,0
444,4.497.309.042.545.710,-24.669.578.790.310.000,1.983.623.893.889.690,15.687.534.546.720.800,3.124.107.628.941.670,7.177.934.951.238.120,1
445,-21.990.944.245.685.800,17.904.068.363.694.400,-19.527.639.409.221.500,-13.703.205.852.268.000,-32.370.264.367.463.400,1.042.360.462.492.800,0
446,-9.079.510.970.513.970,23.400.663.378.953.400,9.256.505.056.846.230,-18.534.648.537.561.500,-35.736.111.553.466.000,8.788.823.340.756.450,0
447,-8.660.710.191.593.330,-3.564.982.009.975.830,-8.905.809.973.174.610,-1.875.851.327.814.740,4.831.221.619.929.940,-10.911.290.372.028.100,0
448,-6.451.360.459.390.040,-13.943.335.203.588.400,17.908.724.561.443.100,-45.299.759.851.185.100,40.792.555.925.585.900,-18.107.976.005.596.300,0
449,-12.996.870.397.803.000,6.211.764.601.221.040,14.405.919.376.716.500,-7.558.538.438.103.320,50.516.723.706.882.000,2.136.520.745.290.100,0
450,-4.776.235.159.009.290,28.152.524.985.910.100,-3.013.966.144.274.830,1.295.797.512.506.870,-6.439.343.517.255.750,-6.715.621.005.842.620,1
451,-19.809.863.726.790.200,16.911.548.355.465.300,18.867.490.775.076.400,-9.274.548.716.364.760,-7.959.064.972.632.610,8.891.432.581.307.870,0
452,-48.184.866.143.136.800,9.470.927.678.122.370,-10.877.972.935.041.500,-14.576.430.598.119.500,-5.786.350.343.632.500,39.154.591.813.124.500,1
453,10.234.403.769.429.500,1.532.752.685.342.410,-5.712.858.719.349.010,-15.240.684.569.313.000,-27.092.166.323.421.700,-14.936.777.320.765.100,0
454,-7.665.540.675.888.130,-18.067.285.331.312.300,-23.096.120.307.950.600,-8.075.356.543.991.440,-1.215.392.739.365.740,9.214.141.806.744.780,0
455,-21.323.395.040.341.900,19.116.938.774.195.100,30.586.360.227.619.800,-13.655.889.314.532.000,-29.827.480.724.690.300,-15.961.582.524.821.100,0
456,16.794.621.337.947.100,21.405.953.609.228.700,9.263.373.369.172.470,-22.751.030.407.262.300,19.750.480.254.447.400,-10.303.064.732.943.300,1
457,1.458.634.584.604.710,2.853.530.909.635.630,-13.980.568.872.642.500,-26.318.067.280.176.300,1.981.000.570.263.590,5.677.570.770.860.680,1
458,4.099.376.561.993.350,8.330.147.534.140.270,-6.826.038.262.816.520,-16.336.524.612.307.400,5.229.310.690.465.040,8.110.883.397.895.900,1
459,9.121.800.130.070.240,-18.177.829.646.489.600,12.649.135.682.532.500,8.904.494.734.505.020,20.282.676.686.414.000,-13.030.659.134.911.200,1
460,2.586.042.683.437.670,-43.165.090.295.362.100,18.328.634.362.209.500,32.602.827.889.525.800,8.505.463.231.329.280,1.011.847.083.639.410,1
461,-9.547.777.266.649.150,46.934.559.567.957.500,12.279.114.364.000.000,-13.437.081.777.130.300,7.172.722.085.130.300,-12.953.140.772.243.400,0
462,-22.840.666.349.154.000,2.260.516.507.365.110,3.943.690.796.150.130,18.817.708.597.599.900,-850.330.204.261.653,2.085.048.211.632.420,0
463,-48.033.725.299.991.800,8.422.982.197.196.020,-2.048.303.820.621.160,-3.821.444.636.451.050,2.100.778.968.221.170,-665.321.534.418.896,0
464,-29.153.794.440.288.900,-8.765.510.052.468.410,-30.167.529.917.553.600,16.777.670.764.696.300,-39.916.754.222.305.300,-9.441.956.443.765.970,1
465,-8.566.883.128.131.120,20.832.384.284.916.100,-20.170.253.897.862.500,-31.648.253.251.833.400,15.940.702.619.250.200,13.129.026.539.197.800,0
466,14.194.162.790.534.100,-1.749.453.929.857.600,5.994.754.913.596.730,13.501.036.814.501.200,5.068.099.148.886.400,-18.260.454.107.319.000,1
467,-15.032.318.234.516.400,-9.246.576.550.972.570,-12.115.073.044.235.000,-1.193.568.263.212.760,-2.835.463.487.184.150,-5.835.634.723.159.260,0
468,-16.841.704.587.080.600,-1.388.325.481.815.730,-1.460.507.883.625.990,-24.753.901.648.779.500,-9.453.031.157.142.310,-3.339.500.178.254.240,1
469,-16.748.375.306.877.200,1.549.713.493.717.190,18.305.570.867.609.400,-2.451.085.264.116.350,6.265.874.561.435.040,-8.987.672.245.273.980,0
470,13.312.280.258.378.300,-802.182.725.136.513,9.491.909.860.334.890,18.238.421.846.896.800,7.380.122.151.387.770,-17.655.828.024.375.100,1
471,-12.378.705.934.009.200,12.210.248.125.737.400,15.834.365.319.524.300,-33.112.127.628.140.900,-5.543.447.078.167.080,-9.219.495.270.650.600,0
472,1.588.652.172.632.050,12.108.858.902.137.200,-8.894.849.861.926.940,-8.077.141.930.956.220,37.514.716.142.359.600,2.256.272.265.137.850,0
473,15.586.290.893.717.700,6.499.080.723.228.660,-7.459.138.858.631.220,-16.018.087.373.613.300,8.132.923.053.530.540,1.116.275.663.755.110,0
474,12.410.700.104.913.600,-13.947.910.810.993.500,1.262.420.729.714.780,13.847.917.609.388.700,16.017.391.475.858.600,2.717.956.851.323.360,1
475,-10.907.068.332.999.800,23.113.164.775.597.300,10.047.265.184.172.100,4.258.011.388.413.690,-21.205.999.146.482.700,-6.053.454.033.772.810,1
476,-529.233.499.529.522,8.204.611.463.616.890,2.498.760.867.704.110,-11.208.243.760.694.200,2.764.724.970.347.320,7.862.925.633.946.090,0
477,-1.309.381.853.246.340,-11.182.039.372.654.400,-859.966.188.892.291,-9.824.765.635.668.630,4.620.890.008.719.420,-18.269.285.464.778.300,0
478,-7.929.593.614.904.120,-21.976.097.969.643.600,22.995.007.619.062.100,2.309.635.882.617.190,9.255.928.158.271.240,-9.275.121.935.254.040,0
479,-9.153.191.540.830.380,7.940.455.396.728.570,-5.735.742.675.945.270,-27.650.669.970.768.500,4.963.944.798.265.000,-1.373.999.547.423.300,0
480,-13.778.378.309.150.200,-16.666.692.780.205.000,-2.520.980.240.243.950,-26.916.958.008.783.500,2.132.178.664.215.830,-9.906.951.209.440.990,0
481,-24.781.500.250.472.200,32.743.379.232.270.300,37.440.065.635.332.400,-7.301.965.837.017.390,-12.947.497.301.830.800,-5.070.921.986.548.370,0
482,-8.118.590.749.929.050,8.594.016.212.261.160,-19.463.919.211.441.200,-18.939.434.845.315.100,-11.655.834.848.433.800,13.839.804.911.720.100,0
483,-5.596.394.954.828.450,-12.913.351.203.839.900,-6.363.113.601.940.130,9.887.343.089.866.710,10.643.486.061.777.300,4.711.057.998.624.870,0
484,-7.974.523.368.551.260,7.148.541.744.034.790,958.414.326.020.652,-14.640.255.068.944.600,5.878.052.203.314.360,-8.398.186.880.617.290,0
485,-7.076.207.368.192.770,127.065.199.128.678,8.800.318.363.045.070,-7.197.081.075.500.680,-3.368.692.985.402.400,17.609.895.852.253.500,0
486,-9.367.383.630.209.680,-15.272.885.745.141.500,-1.029.412.519.814.890,-5.792.679.599.363.200,2.004.118.954.849.590,6.083.655.428.948.370,0
487,-17.865.926.036.857.100,18.507.206.315.802.800,-2.303.461.386.185.820,4.203.356.482.874.990,-28.407.381.976.657.000,8.826.480.770.131.190,1
488,-1.267.519.082.654.730,2.447.519.353.523.330,5.279.763.347.002.020,-1.113.004.398.875.540,-1.483.916.210.616.160,6.570.600.687.590.070,0
489,-11.912.295.634.211.500,20.419.669.137.487.800,10.770.338.926.964.100,-9.686.527.784.136.420,-15.050.828.590.210.600,-3.127.158.000.173.760,0
490,-5.443.568.896.913.100,25.445.834.837.717.500,11.805.457.150.302.200,-14.593.910.689.694.200,-376.819.875.300.367,48.425.756.659.430.100,1
491,8.731.150.249.297.320,2.731.848.596.888.710,11.897.802.738.629.500,2.013.562.010.287.160,-7.102.974.478.382.560,-1.120.958.225.206.350,1
492,23.569.333.638.081.800,-4.243.679.255.908.850,23.347.638.803.077.600,19.266.846.303.673.700,4.394.136.508.384.270,1.552.998.414.824.390,1
493,17.741.593.160.824.300,-9.191.535.972.090.750,-1.180.594.348.460.040,-6.192.867.410.287.820,5.234.934.052.979.950,-7.649.452.408.782.830,0
494,-24.282.628.638.525.600,1.519.155.465.932.660,2.607.899.250.132.570,32.248.377.633.948.100,-1.498.726.629.697.620,5.422.987.693.057.410,0
495,-7.309.988.491.194.220,6.303.481.186.214.580,-17.965.569.681.491.000,-15.513.892.968.034.000,-8.939.415.147.042.960,-2.542.481.314.127.330,1
496,-2.024.695.763.213.610,11.951.225.239.063.600,3.379.748.853.809.770,10.252.691.716.911.900,-10.395.190.368.477.700,-4.351.636.626.281.990,0
497,-16.011.531.143.590.000,-19.659.953.408.765.700,-6.238.663.339.198.180,-675.282.125.511.603,3.395.546.731.296.180,13.969.615.804.578.300,0
498,4.275.357.238.488.340,1.839.995.200.394.560,-15.996.269.971.070.000,-3.681.727.861.657.330,8.074.883.195.084.770,25.046.166.802.715.600,0
499,-19.131.183.057.184.700,-10.270.167.951.180.600,-1.348.267.016.381.410,-13.148.817.509.864.100,-5.013.509.382.059.320,-19.613.276.561.676.300,0
500,-6.866.615.295.649.240,1.862.275.970.465.420,-7.105.118.720.767.090,-20.966.715.501.264.400,-2.154.054.629.208.080,10.731.591.466.196.000,0
501,-9.610.579.744.049.680,9.723.530.488.093.050,-19.650.668.850.076.400,-16.035.451.140.606.900,-1.362.219.720.958.740,-1.577.702.091.632.850,0
502,-12.170.348.338.064.700,8.265.545.166.795.150,-14.446.972.617.158.700,-21.744.419.077.237.400,8.674.694.374.564.720,7.336.451.466.812.950,0
503,-16.416.830.780.634.600,35.623.382.154.090.300,21.028.333.215.183.100,-11.360.678.441.339.000,-15.716.593.415.552.000,31.988.614.027.450.900,1
504,-16.040.096.331.136.800,20.185.007.397.896.900,-642.164.467.014.178,-24.743.513.209.983.500,-24.289.252.553.754.500,-10.165.608.790.123.400,1
505,9.257.601.272.821.590,-5.337.687.370.388.510,7.474.703.353.305.660,26.121.877.850.168.000,12.991.980.067.009.200,-739.332.789.356.724,1
506,-4.525.238.094.752.600,-41.398.613.611.105.500,-344.525.833.954.817,24.274.342.071.382,-6.873.268.504.139.970,-7.589.048.395.204,1
507,-19.208.843.685.322.700,36.626.973.277.637.000,19.713.978.219.395.700,-2.951.474.742.678.890,-5.708.633.276.694.170,47.107.328.094.345.200,1
508,-17.022.952.730.474.000,12.895.387.262.417.600,18.773.786.472.046.200,-7.377.254.163.072.860,-4.599.726.553.430.790,24.007.449.694.593.100,0
509,-16.508.291.061.273.700,7.489.063.938.017.500,18.828.909.943.057.300,854.995.424.017.529,-12.282.209.676.592.100,-6.171.351.751.023.890,0
510,-9.243.177.528.768.910,12.643.201.878.786.800,11.574.119.227.565.500,15.062.240.586.523.400,-971.650.329.557.362,-19.890.393.071.510.100,0
511,-25.722.196.455.024.600,-150.407.941.474.234,-15.656.848.508.834.200,-1.325.141.192.159.050,22.709.472.838.687.000,-10.032.141.903.900.400,0
512,2.040.315.328.901.930,-36.190.326.047.398.600,1.269.089.104.303.070,7.212.575.114.467.540,19.587.602.243.346.300,-5.031.569.042.742.670,1
513,-12.301.852.750.604.800,29.549.790.166.435.500,-1.635.081.793.515.580,-2.443.487.368.887.800,5.429.882.979.539.760,-10.106.211.707.894.000,0
514,-5.423.723.600.581.140,9.763.726.911.822.550,-7.702.116.431.294.150,-7.879.393.858.099.630,-9.512.979.827.001.970,-10.301.561.334.635.900,0
515,-1.588.703.693.908.490,213.086.180.545.704,2.163.681.835.469.570,-7.437.303.900.931.010,-78.889.852.545.431,-7.911.481.105.503.010,0
516,-15.570.162.293.253.400,-13.095.664.621.597.100,2.646.951.610.153.880,24.440.951.033.779.000,-1.270.589.861.325.690,-25.614.059.403.542.600,0
517,-8.175.656.370.026.520,5.517.282.888.637.910,11.284.719.871.786.700,-18.042.251.737.066.800,104.272.970.025.983,3.475.891.025.627.690,0
518,-12.354.172.416.179.100,1.170.917.929.783.090,-9.844.722.696.788.980,-17.570.777.575.729.500,-26.075.492.300.926.700,6.886.201.461.506.990,0
519,-1.301.952.864.430.030,30.634.271.579.041.800,15.445.866.988.034.100,-4.584.093.457.843.010,-19.771.775.027.670.600,-6.611.756.348.282.650,0
520,-6.286.132.624.762.450,13.917.938.931.419.400,1.016.787.052.719.480,-19.380.401.089.375.200,15.007.684.350.298.200,7.215.290.294.571.900,0
521,-1.815.539.459.456.890,6.867.242.217.423.470,18.385.379.419.866.900,33.315.113.421.924.500,-9.422.028.368.834.970,14.612.842.775.352.300,0
522,-2.652.970.666.270.750,6.683.234.787.807.660,-1.672.515.677.204.500,-19.965.327.955.126.900,-3.248.464.443.867.630,-14.027.427.232.362.600,1
523,-7.137.176.375.840.510,16.917.471.159.397.100,-4.243.791.895.621.120,-20.110.360.119.881.500,-4.565.920.190.417.140,-22.051.308.465.767.000,0
524,-13.260.171.117.024.500,-11.287.749.118.756.600,-20.335.952.108.048.500,-14.902.018.353.026.800,8.140.213.966.621.160,-7.109.262.568.726.460,0
525,-13.886.214.548.435.900,162.258.434.379.489,1.528.881.854.030.490,-19.280.949.440.686.100,21.270.369.959.518.000,8.015.143.188.770.090,0
526,-4.654.533.105.294.330,9.460.351.942.841.520,-27.585.995.683.951.700,-8.465.194.223.718.120,-17.203.336.032.039.400,-23.977.302.497.963.800,0
527,-23.409.872.143.586.900,10.945.984.314.398.200,-4.801.362.842.980.250,-9.022.947.795.018.210,-5.507.182.331.310.640,41.802.617.841.187.000,0
528,-71.727.457.195.309,11.326.686.308.817.300,696.500.647.066.568,-7.082.403.691.163.500,-36.621.777.833.577.900,4.196.602.448.120.650,0
529,-2.390.879.443.164.380,10.697.302.734.258.400,4.420.842.411.667.220,2.742.468.975.876.970,-33.153.956.807.516.000,6.072.565.096.596.550,0
530,-17.773.158.114.768.400,-1.663.117.903.285.920,-17.040.320.167.274.600,-16.949.320.145.090.700,11.118.279.088.407.800,-14.122.253.565.425.000,0
531,-10.044.704.568.892.000,2.500.750.819.892.360,-310.485.605.739.351,-9.682.777.000.730.100,-19.413.757.129.373.200,-11.991.372.343.482.700,0
532,-7.221.212.476.751.900,-2.272.349.003.443.900,27.754.417.128.554.900,-32.142.023.373.443.400,14.693.551.145.638.800,-6.046.620.674.952.150,0
533,-2.132.777.251.806.420,3.550.612.080.497.890,38.439.097.290.544.600,11.048.692.872.121.800,-8.846.739.682.466.830,-16.114.674.308.385.400,0
534,-15.473.403.361.388,10.440.123.751.100.200,2.060.276.102.071.520,43.758.940.774.198.700,-9.417.709.649.903.690,-10.794.621.147.673.200,0
535,19.588.128.219.500.900,-5.005.742.910.721.920,9.326.887.934.988.190,29.969.412.932.556.700,9.903.837.236.499.050,-14.480.634.286.431.200,1
536,-1.662.635.807.267.850,4.203.540.134.489.430,20.230.226.019.543.200,2.560.461.672.864.050,-21.258.393.455.517.200,-32.201.317.720.783.600,0
537,-1.509.060.527.897.750,-15.505.804.178.540.100,-14.964.664.984.599.800,-40.694.739.950.704.400,-6.076.409.770.188.610,-1.001.358.499.230.550,0
538,16.546.698.144.765.900,2.793.106.656.559.930,-1.159.704.271.708.120,8.284.744.156.563.530,-2.063.552.323.280.480,13.142.950.105.177.500,1
539,-15.101.474.919.204.900,1.655.355.546.181.250,-6.258.697.659.062.030,-1.326.604.517.955.290,-5.994.634.757.130.490,5.957.878.015.993.590,0
540,-5.418.682.040.926.810,-5.180.697.497.780.960,-23.437.458.261.685.400,-13.284.867.490.498.500,-44.892.370.053.140.000,8.408.387.593.666.560,0
541,-3.159.110.553.911.860,10.570.491.809.302.100,5.685.123.686.357.010,-4.604.779.924.096.760,3.812.060.930.377.000,-8.208.911.395.056.710,0
542,-91.057.416.397.023,17.699.616.588.353.600,9.299.838.178.999.260,-25.152.640.158.962.400,3.214.831.018.141.460,11.032.110.584.719.000,1
543,5.392.675.934.458.320,17.357.141.471.136.400,13.979.634.452.866.800,1.017.300.848.485.340,-29.459.087.137.965.000,-17.216.311.427.804.500,1
544,-10.707.636.993.501.800,14.070.085.567.813.000,5.185.819.822.622.640,14.228.301.801.912.300,-25.090.512.356.510.700,-3.828.169.844.248.540,0
545,-23.776.504.746.533.800,-22.882.874.610.606.800,-17.825.322.564.829.000,-12.881.886.912.095.600,-23.807.990.277.513.900,1.105.631.691.524.070,0
546,-4.098.591.204.475.780,-11.604.085.802.999.700,-14.142.891.875.553.000,-4.240.501.845.872.050,24.770.630.998.073.700,20.228.905.638.628.800,0
547,-24.718.721.258.823.300,-4.610.809.521.922.470,49.113.991.374.651.600,9.958.846.597.775.600,9.795.270.833.163.560,562.344.039.234.167,0
548,-10.272.780.917.873.900,48.024.196.097.928.500,10.825.755.203.251.000,-2.440.439.124.527.400,-4.295.212.496.274.870,-8.735.685.338.905.580,0
549,1.354.208.248.155.430,5.530.707.623.389.650,-7.966.117.306.896.060,-15.782.790.882.698.000,1.294.357.938.807.520,-8.894.487.492.395.480,1
550,-19.359.020.996.672.000,-38.202.331.218.475.100,43.488.718.346.796.100,-23.494.415.039.138.200,16.995.624.218.937.200,-9.657.850.201.389.440,0
551,-3.644.504.039.980.960,13.562.433.752.433.300,6.488.575.366.163.900,5.050.163.708.192.500,-34.601.750.063.568.000,-2.397.498.871.129.650,0
552,-1.263.352.070.629.140,-27.264.982.613.256.400,-7.022.384.115.823.850,-8.626.706.861.167.800,12.086.649.690.056.900,4.111.821.595.842.890,0
553,-18.179.278.725.113.500,10.000.124.274.404.500,18.372.238.699.774.800,24.000.217.662.228.800,-27.034.746.497.781.700,10.770.414.779.173.000,0
554,-3.017.495.574.819.420,2.330.953.411.355.360,17.924.889.432.919.900,-10.774.242.401.270.000,-29.088.835.400.551.700,-7.601.730.551.152.200,1
555,-34.168.304.918.334.600,22.083.207.659.695.400,6.288.736.090.594.760,-9.059.721.562.907.150,6.502.120.111.491.050,19.899.651.379.193.200,0
556,-1.616.108.639.042.120,-10.392.533.089.382.100,-7.831.473.470.560.240,-19.346.900.222.311.700,5.239.121.252.026.920,-41.783.832.412.135.300,0
557,-14.112.209.517.339.100,15.692.584.249.181.200,2.216.068.177.870.850,11.522.350.801.601.200,-16.487.878.174.805.200,-26.192.427.269.168.900,0
558,2.245.566.879.780.060,-293.929.583.362.061,-17.396.359.798.620.500,-3.020.672.683.521.640,3.041.656.877.451.580,-1.669.800.153.096.340,1
559,-40.144.991.525.929.200,-38.436.291.482.256.300,-8.980.988.606.365.240,-12.749.353.729.184.600,3.876.990.587.913.940,-9.346.787.104.832.540,0
560,-24.585.340.925.164.300,-44.828.959.504.880.900,3.874.297.795.177.070,-594.374.909.138.227,600.780.412.723.359,-13.919.462.407.031.500,0
561,-1.066.526.630.572.260,21.160.551.352.444.200,17.795.133.962.226.600,-219.232.245.072.725,4.491.387.445.471.660,45.026.663.463.948.600,0
562,-9.061.627.138.240.420,-22.694.149.366.445.100,-771.628.891.313.046,-5.535.693.601.208.930,5.055.262.647.400.550,-8.555.672.364.232.790,0
563,-7.112.402.516.160.010,-27.527.346.994.381.000,108.217.450.353.109,-21.134.704.276.471.700,17.272.053.113.022.300,-12.882.056.069.825.100,0
564,-1.100.249.912.449.620,-9.314.724.537.504.970,-2.220.697.762.384.220,-13.484.382.652.760.900,-47.676.137.767.415.200,1.239.012.992.015.960,0
565,15.474.989.948.799.800,3.945.401.779.743.070,8.843.474.002.721.950,19.394.629.041.173.400,-6.610.537.725.455.790,-32.191.314.113.009.000,1
566,1.612.238.319.069.330,11.091.538.071.231.600,-24.012.654.303.970.300,44.484.751.529.133.300,-30.627.848.357.975.000,-1.134.518.977.528.030,1
567,21.214.341.179.555.700,2.833.782.969.548.320,-15.098.747.632.460.400,-34.958.872.384.884.000,30.402.125.184.660.000,-17.439.631.834.479.700,1
568,-30.254.015.505.333.400,1.490.741.272.242.430,-1.540.840.547.824.400,-6.447.664.375.949.720,-17.058.895.507.551.200,8.257.263.629.471.780,0
569,-1.604.386.486.066.630,4.444.047.529.640.420,-9.259.006.498.850.320,-19.021.576.540.554.800,-6.140.464.730.603.490,-10.633.124.788.617.000,0
570,-15.176.905.947.482.200,-15.200.563.347.819.500,-22.227.279.987.264.300,-11.965.735.838.500.800,7.181.047.449.782.520,17.549.496.796.099.200,0
571,13.106.390.184.049.800,-5.510.881.649.073.830,10.544.538.938.916.700,10.871.763.691.119.800,11.596.815.963.123.600,1.181.359.223.253.570,1
572,29.125.632.189.323.300,-10.167.839.919.783.700,-2.681.637.262.415.380,-4.291.808.938.214.650,4.412.355.852.711.070,5.337.461.037.415.720,1
573,7.791.060.045.666.340,8.166.790.283.430.880,-4.422.651.302.060.860,-7.378.927.271.340.110,-22.977.828.604.625.900,-13.829.349.503.167.800,0
574,9.012.611.357.606.930,-17.443.275.258.698.300,12.594.053.445.923.100,990.715.975.598.089,18.910.139.352.685.700,14.483.508.569.292.700,1
575,2.257.748.872.568.140,601.947.652.087.742,12.584.573.104.754.900,9.388.252.263.089.740,12.747.728.993.869.700,13.166.943.463.538.700,1
576,13.830.858.050.214.200,24.179.324.391.448.300,4.188.705.034.650.690,5.332.077.866.331.250,689.462.602.136.057,1.025.917.985.719.270,1
577,6.146.775.268.091.190,13.808.857.442.225.200,-15.337.502.462.123.000,-274.618.057.117.954,10.732.546.226.550.300,1.779.168.070.098.720,1
578,-16.299.055.236.321.000,17.537.382.177.855.000,20.523.501.096.803.600,-4.548.440.630.518.890,-837.417.391.851.139,5.047.123.656.505.600,0
579,-17.379.458.243.181.600,-32.097.071.855.223.400,-1.064.652.895.327.790,-14.830.469.563.125.600,-5.718.605.930.237.590,-30.385.489.509.986.200,0
580,5.361.660.743.528.860,-16.458.335.667.589.500,8.876.025.209.127.840,11.346.603.218.102.400,1.226.660.174.628.740,-8.609.011.084.935.020,1
581,-12.615.619.660.041.200,16.489.183.435.314.200,14.665.282.248.399.700,17.650.944.296.409.500,-1.318.874.858.167.470,1.238.362.832.510.110,0
582,-10.818.502.797.289.200,-9.053.682.929.865.790,-20.722.506.288.114.300,-10.627.917.293.105.000,-605.325.237.965.721,990.194.756.489.846,0
583,-11.176.920.089.777.300,25.971.948.939.120.500,-11.577.918.869.218.900,-1.137.076.896.522.330,-2.152.715.962.577.350,-7.542.060.813.950.470,0
584,-10.571.502.044.218.200,224.516.034.020.212,47.448.659.718.461.400,-10.354.781.593.028.300,-12.796.867.143.421.500,-10.356.223.474.753.200,0
585,-5.261.903.107.855.130,-9.446.334.718.130.150,-14.811.588.668.615.400,-14.780.326.035.974.400,4.897.909.308.681.100,18.648.795.396.695.000,0
586,12.757.229.947.800.300,10.563.149.973.919.700,8.706.134.712.501.480,-5.311.642.469.271.340,1.770.861.122.762.730,18.456.435.254.537.800,1
587,-7.053.884.891.338.740,19.692.922.954.494.200,2.461.964.688.292.560,-835.399.553.003.483,-16.778.625.415.019.500,9.487.069.174.930.660,1
588,-13.836.731.296.804.500,14.109.065.428.444.500,2.579.731.436.886.930,-2.336.052.560.232.680,12.990.632.206.838.700,-10.069.732.718.019.100,0
589,8.856.905.294.364.780,-2.178.675.963.349.810,8.760.798.576.412.890,12.488.459.514.782.400,1.760.688.368.174.460,5.020.192.709.968.640,1
590,-6.271.517.469.989.380,-14.893.664.974.765.500,-8.285.852.791.649.690,-9.015.220.460.285.780,7.593.518.160.104.750,-6.235.760.912.020.150,0
591,-13.378.567.974.175.700,33.541.105.346.559.600,-16.585.696.608.443.600,-5.403.763.129.134.200,-9.246.878.310.837.810,-19.873.401.768.602.400,0
592,-1.092.092.231.191.340,59.319.074.551.373.100,-1.854.573.781.081.860,-2.675.543.629.013.530,4.552.647.965.247.520,-3.157.823.764.401.700,1
593,-21.351.297.561.408.900,4.537.377.614.506.050,-6.925.550.514.229.920,-2.482.944.983.714.840,9.620.394.400.092.800,-31.055.809.067.858.100,0
594,-17.247.696.096.644.800,-5.595.488.826.737.110,-9.807.061.503.741.810,-111.197.028.449.035,-6.216.778.033.217.920,1.030.240.212.870.270,0
595,10.967.472.919.650.800,19.833.601.725.318.000,-233.304.056.152.332,-1.395.345.186.217.260,-4.201.517.134.818.110,5.839.549.948.781.330,0
596,34.608.161.723.414.400,-23.800.267.840.582.500,14.638.215.526.580.700,-7.089.164.502.158.650,33.210.678.919.036.400,17.437.538.567.501.700,0
597,-1.975.125.102.646.070,-1.475.403.756.640.290,-13.189.975.745.400.900,-8.075.238.775.708.020,-5.935.370.437.738.770,-569.651.434.158.326,0
598,-1.469.877.358.518.060,-6.834.076.397.661.590,-24.983.751.807.781.400,-14.416.072.230.512.200,3.343.211.753.628.980,-10.629.096.824.531.100,0
599,-11.724.753.451.243.800,1.769.387.814.582.410,1.954.453.011.658.490,16.111.710.876.473.100,-32.760.107.408.839.500,6.474.088.785.748.020,0
600,-44.444.637.379.162.600,12.084.039.090.622.100,-11.866.758.824.713.600,-20.351.547.570.818.400,2.781.017.330.338.400,10.918.913.141.541.000,0
601,-48.817.103.184.166.500,3.190.113.531.985.850,3.098.062.693.626.780,-11.356.550.876.163.400,45.481.686.625.191.300,-1.202.416.201.934.700,0
602,6.250.412.783.760.140,-7.284.139.811.690.470,6.165.035.966.653.340,-13.187.766.285.973.000,23.153.624.568.387.100,10.295.441.698.891.100,1
603,-2.078.240.019.317.960,18.845.438.052.213.700,42.177.396.526.176.000,1.061.276.901.835.040,-3.362.872.561.961.870,-18.348.724.299.850.700,1
604,-24.265.475.418.820.300,2.158.580.034.252.960,8.663.282.334.746.580,-38.491.605.889.910.700,-8.772.818.167.315.500,16.019.475.065.123.900,0
605,149.615.120.074.029,-227.236.554.335.141,2.546.100.691.535.040,1.895.381.493.294.780,2.790.361.960.289.530,10.667.188.300.543.200,1
606,-16.284.545.485.721.200,-21.651.896.301.756.800,-11.676.013.112.831.800,-10.525.750.755.013.900,4.135.241.234.724.900,7.416.397.464.647.740,0
607,15.020.382.077.485.600,-11.776.272.652.983.200,12.269.560.608.305.500,18.896.443.863.839.300,12.420.676.015.771.700,13.172.828.077.775.800,1
608,-22.034.086.298.521.700,-49.544.726.063.033.500,-9.469.445.241.529.140,-12.217.203.449.109.200,-9.119.235.417.223.880,-12.132.527.930.836.400,0
609,4.836.144.321.917.840,-19.500.426.943.484.900,13.163.537.847.941.000,28.125.658.656.300.500,4.083.748.584.187.570,-5.911.167.373.847.080,1
610,-15.079.269.127.070.200,-29.124.803.105.847.400,-6.518.621.737.695.740,-10.201.223.074.385.300,6.245.651.212.051.110,11.940.952.499.461.500,0
611,-10.649.213.113.436.700,2.405.440.637.101.060,-6.937.214.669.775.140,-17.594.894.155.997.000,-15.593.023.362.841.400,5.947.785.958.245.860,0
612,-2.902.611.418.832.120,37.654.478.789.756.200,-12.154.607.375.970.300,-8.180.679.909.617.810,-5.940.924.277.545.540,-1.020.301.547.261.470,0
613,7.595.485.635.865.430,-2.418.185.683.554.160,11.934.380.038.005.800,-2.654.418.107.866.020,1.634.703.582.453.280,4.575.164.901.267.470,1
614,25.712.820.804.698.300,-1.419.064.467.848.650,7.337.651.911.446.160,6.665.832.744.744.140,11.220.119.877.245.800,8.496.194.674.507.040,1
615,-19.648.679.335.656.800,2.973.836.747.811.030,23.588.745.784.943.000,-4.221.730.212.551.940,1.057.481.717.549.340,5.135.684.273.533.800,0
616,-22.570.423.028.324.700,-29.411.762.922.841.100,-16.499.665.780.504.000,-7.160.309.936.230.570,-4.107.146.612.349.490,-9.710.981.815.843.140,0
617,-9.399.076.530.321.580,-12.438.295.480.110.500,-6.755.547.641.090.680,-5.855.069.994.716.300,21.718.831.585.548.200,-24.444.432.992.436.300,0
618,509.334.617.257.442,-15.420.005.215.828.000,8.998.077.571.756.800,11.713.803.774.358.600,7.818.028.407.911.220,-4.362.417.701.168.160,1
619,-9.847.348.473.920.710,290.253.720.933.778,8.107.479.510.105.780,-35.028.367.106.338.100,2.178.783.203.717.340,-9.562.774.575.651.320,0
620,-5.020.041.039.866.630,10.009.988.594.503.200,-2.096.495.954.609.010,-10.196.914.418.515.600,-15.628.503.751.046.800,46.534.617.352.664.500,0
621,-40.031.334.963.711.900,8.623.612.895.719.710,-2.973.852.968.458.060,-32.705.642.783.452.300,13.650.082.350.623.400,-48.095.747.041.611.400,0
622,1.657.137.554.962.210,-26.100.051.081.862.100,11.916.793.709.337.500,13.017.192.034.523.400,15.702.993.340.793.400,-6.455.119.260.893.950,1
623,-17.558.955.739.163.800,-3.091.222.573.086.070,-1.142.968.181.961.350,3.711.689.589.498.360,17.088.773.861.721.300,2.605.174.218.537.530,0
624,-13.019.226.786.658.800,10.841.198.778.169.100,-4.507.840.737.374.070,-4.093.822.813.502.280,19.274.435.415.027.200,-1.736.095.758.598.490,1
625,-6.578.952.251.132.360,-7.973.170.798.719.190,-1.385.902.369.983.050,-1.992.198.304.485.330,7.315.132.448.583.190,5.073.410.218.928.740,0
626,-2.126.178.068.459.880,-31.935.093.270.244.900,-21.689.382.806.654.500,-4.816.124.202.122.490,9.160.110.302.018.590,287.987.594.927.325,0
627,-11.831.777.841.748.000,10.728.355.239.122.100,15.315.293.545.374.700,-3.906.132.823.575.410,-39.795.047.310.458.400,12.588.833.732.895.200,0
628,-11.680.512.144.959.200,-7.493.499.078.794.100,16.203.513.686.566.800,18.949.828.575.201.900,3.602.302.825.776.640,5.218.087.400.187.310,0
629,7.915.931.617.114.890,-10.205.784.022.453.400,12.187.838.041.759.300,9.920.805.565.619.230,12.803.574.112.020.500,13.708.991.883.097.600,1
630,855.775.111.731.456,2.022.238.638.849.720,-21.817.330.294.683.000,-15.560.753.461.775.600,-15.012.752.105.805.500,-7.142.461.110.535.920,0
631,571.574.411.495.821,-19.367.620.866.981.800,-1.123.011.454.331.810,-8.329.015.268.702.480,7.299.128.408.540.030,8.420.383.973.247.050,0
632,-3.784.340.804.613.250,957.542.275.797.034,-6.284.661.858.147.760,-1.886.061.107.242.800,8.411.747.816.641.640,-23.728.118.109.032.600,0
633,-12.008.188.096.116.100,184.923.155.132.805,31.867.222.019.846.800,-2.906.559.361.271.180,-17.558.537.783.897.000,1.530.225.937.258.840,1
634,-4.459.576.743.626.580,-5.215.037.232.966.420,-15.961.401.946.721.300,-11.298.185.421.848.000,-7.603.345.252.029.130,18.303.938.561.281.600,0
635,-46.799.940.403.074.000,-8.722.622.458.489.440,6.352.703.578.913.920,-25.855.147.036.762.800,29.521.502.711.780.200,4.314.538.339.947.590,0
636,-3.105.268.479.171.240,-34.590.888.016.579.000,15.254.284.887.638.200,11.505.391.434.902.200,2.249.859.911.817.440,-4.184.710.305.171.950,0
637,-32.724.292.855.562.400,5.035.801.668.951.970,-10.646.863.582.433.400,-2.845.599.215.453.860,8.914.037.127.591.140,1.006.304.829.651.520,1
638,5.866.506.857.455.690,-48.437.131.686.140.600,40.607.417.791.045.900,6.672.666.817.947.150,5.109.922.388.600.690,-5.205.049.079.705.880,1
639,-1.181.483.032.844.090,2.762.294.337.832.600,17.139.482.677.007.300,-4.607.653.854.962.450,-6.432.260.518.066.460,13.617.288.306.482.600,1
640,-7.778.884.708.542.650,35.646.931.957.200.900,-6.866.858.472.808.270,-13.163.969.240.441.400,-2.453.409.819.414.110,9.241.954.659.902.010,0
641,-12.131.751.949.899.700,1.159.914.149.486.660,10.399.446.970.763.300,-33.244.522.617.350.400,-8.190.549.800.907.480,-14.310.186.480.793.900,0
642,-8.631.833.145.480.510,-9.037.874.446.138.580,12.487.685.359.593.600,-9.987.388.078.903.030,14.985.873.218.425.000,18.830.822.530.697.300,0
643,-17.833.718.630.770.800,326.872.665.270.359,20.445.410.562.661.800,-27.360.383.753.044.300,-3.123.791.249.689.420,8.065.820.954.107.350,0
644,-8.282.623.305.799.080,7.085.666.436.169.660,-19.936.871.636.394.100,2.957.284.774.781.660,-14.363.855.205.187.600,48.306.335.926.132.300,0
645,2.149.424.039.286.180,2.471.607.377.590.040,16.962.766.703.499.800,-13.326.423.932.122.100,18.451.167.689.446.700,-3.091.538.113.565.130,1
646,-11.847.252.265.396.600,10.527.837.911.441.000,29.084.823.818.167.000,-1.827.915.903.216.830,2.174.457.386.168.000,-9.341.477.131.078.440,0
647,23.053.231.294.194.600,-23.888.009.547.773.100,14.263.494.132.664.700,15.799.118.729.846.500,25.749.370.955.476.400,-14.115.661.551.839.500,1
648,-12.291.659.702.014.500,-19.233.117.078.835.300,5.339.087.636.148.640,2.514.326.790.716.300,5.845.180.122.931.500,15.730.603.660.641.600,0
649,-5.752.622.091.413.500,-5.787.813.981.173.310,9.622.184.095.358.420,-2.310.261.369.616.110,22.856.394.321.521.500,-12.637.082.939.790.000,0
650,-2.868.092.314.239.530,18.153.075.490.404.400,-8.741.922.633.733.780,-2.040.038.035.092.220,-4.814.373.455.086.250,-4.996.753.249.479.800,0
651,-1.483.616.214.618.460,19.975.214.177.858.300,18.891.100.788.562.000,1.002.180.748.824.990,-20.850.583.517.887.400,878.195.463.753.168,0
652,-9.666.771.915.630.020,21.672.901.081.495.200,6.024.310.365.640.230,-17.855.447.435.775.400,-5.239.590.245.782.220,7.674.760.725.200.320,0
653,20.412.723.554.338.400,8.789.624.830.922.420,37.097.181.080.430.000,11.166.868.160.806.200,25.870.799.866.999.800,-13.461.360.359.559.400,1
654,-19.080.042.848.800.700,5.997.305.499.363.710,2.104.157.583.235.340,-11.632.511.273.188.100,32.578.592.933.181.300,-13.970.689.203.104.600,0
655,-1.210.455.221.922.610,16.558.810.411.680.500,-1.861.578.781.531.960,-11.168.659.024.462.600,-12.801.148.341.873.300,-12.441.751.126.778.300,1
656,15.755.103.018.139.900,-2.609.753.847.318.220,212.558.635.477.158,-9.587.507.128.672.200,4.957.614.104.834.740,-5.313.638.668.636.880,1
657,-14.584.721.094.481.600,22.790.570.954.792.800,2.062.159.613.986.700,-2.130.719.393.976.940,17.451.032.291.590.500,16.490.662.872.004.800,0
658,-13.572.922.741.227.500,6.291.889.624.453.610,-17.300.903.046.513.300,-9.337.715.094.638.860,-1.768.067.568.113.270,14.866.636.642.531.700,1
659,-2.318.277.920.772.950,-3.034.532.013.162.440,-12.380.181.985.517.700,-15.463.973.073.905.000,-19.122.252.175.558.600,-14.485.898.025.162.400,0
660,-1.165.544.887.582.670,-15.954.342.833.817.200,7.626.474.225.128.740,3.514.572.641.741.370,4.644.611.092.449.200,-7.393.506.193.664.880,0
661,-18.303.350.315.802.300,-7.785.567.135.500.710,-22.804.518.750.199.800,5.104.696.261.256.170,-3.023.991.175.276.550,-12.991.955.183.123.300,1
662,-20.279.197.089.413.800,39.048.922.060.697.200,15.336.935.719.120.900,-18.988.665.889.539.600,-31.380.417.265.168.800,-61.553.337.935.194.600,0
663,-2.516.362.129.621.740,-4.375.113.199.117.100,32.516.590.315.123.700,12.601.019.863.303.200,4.860.608.075.804.660,-19.313.768.607.930.300,0
664,-11.952.887.763.533.800,723.291.898.045.006,16.258.459.554.754.800,6.461.838.802.324.040,-445.075.095.384.881,-5.108.128.257.696.110,0
665,-11.074.777.055.552.000,-26.889.046.508.374.000,9.659.533.046.404.010,-15.607.482.444.181.800,22.952.864.349.369.600,-699.318.207.827.662,0
666,-38.267.374.511.888.500,11.220.990.686.165.700,-2.020.821.640.738.200,-18.875.837.217.234.700,-21.344.511.282.428,11.428.096.387.775.500,0
667,8.244.422.633.373.220,-5.780.795.881.217.840,47.064.587.661.265.800,1.024.101.728.402.900,5.220.175.080.778.910,39.964.910.541.896.700,1
668,-6.617.139.691.348.730,865.589.084.191.544,1.220.612.537.143.810,-2.564.817.165.458.860,15.585.949.974.793.100,-8.204.578.495.556.680,0
669,-13.217.168.275.577.400,-23.876.319.596.238.500,-43.745.015.763.611.400,-5.485.566.384.657.680,8.545.088.883.113.590,-12.614.189.917.514.000,0
670,-29.972.401.354.495.000,13.475.172.726.042.600,-4.227.576.592.080.880,-2.549.387.743.551.480,15.296.363.824.347.900,10.344.015.835.761.900,0
671,1.190.545.565.305.940,-11.686.769.787.324.800,-31.866.920.053.955.000,-29.832.345.311.505.700,19.900.894.330.160.700,5.174.217.991.894.650,1
672,-30.891.041.239.113.800,-1.425.901.813.133.010,-3.418.660.974.699.140,-955.700.664.867.827,12.786.597.643.153.800,26.843.457.424.233.100,0
673,-15.471.415.386.868.900,13.653.468.017.871.800,1.461.307.812.125.130,-11.999.993.968.343.000,-3.056.965.125.479.120,11.136.942.376.836.700,0
674,-18.247.116.014.047.000,-20.590.365.524.720.600,-15.284.948.436.997.000,-542.572.346.702.104,-3.997.749.420.927.820,-210.685.039.135.781,0
675,-1.014.115.431.913.430,16.088.167.681.732.900,-4.456.077.976.596.750,-1.042.374.509.193.680,-10.863.024.306.993.500,-12.907.888.661.505.900,0
676,-20.424.152.850.108.200,8.140.859.639.617.270,-27.512.297.468.351.100,-15.956.396.580.744.400,-2.514.647.300.241.310,43.463.236.547.063.400,0
677,-1.336.558.465.326.860,-8.912.368.396.040.590,-30.801.110.074.805.800,-2.108.456.287.873.800,24.712.636.556.797.400,4.420.790.368.010.070,1
678,-15.770.927.281.034.600,6.676.247.114.314.130,-16.193.610.148.027.500,3.350.558.428.010.400,-28.333.282.954.200.400,-37.405.964.959.128.400,1
679,16.500.879.387.762.300,8.890.515.326.219.920,-8.189.555.459.366.760,-2.223.065.388.220.710,6.632.217.950.964.190,-1.210.070.720.101.200,1
680,-4.626.753.504.941.820,1.160.036.282.934.190,-21.899.239.229.278.800,-1.056.598.048.567.470,-1.674.003.371.926.970,-3.032.309.240.428.670,0
681,-20.404.612.473.581.000,-3.300.883.818.786.780,-1.274.523.661.421.510,-25.481.680.214.561.300,-1.175.858.095.705.800,-7.906.198.365.827.580,0
682,-40.455.351.223.509.200,-10.770.222.005.683.400,-17.859.656.389.327.200,-1.287.440.653.272.420,3.455.852.092.760.470,-5.013.654.194.839.520,0
683,11.761.262.880.384.000,-39.283.835.152.515.500,-22.210.648.644.447.900,-16.816.963.560.164.700,321.899.734.274.389,998.422.823.122.174,1
684,-9.246.719.963.954.680,16.390.110.469.692.800,1.408.809.648.535.800,-9.079.695.226.583.640,-1.055.332.715.767.060,10.555.369.736.494.100,0
685,-13.520.670.000.811.800,8.684.043.780.101.170,-12.218.137.636.879.700,-2.416.600.992.714.920,36.199.291.370.654.600,2.639.281.535.048.860,0
686,-5.743.006.379.302.620,5.746.717.918.118.240,663.024.328.602.724,-6.932.496.951.482.940,9.614.635.263.588.610,45.077.625.365.076.800,0
687,-12.243.768.798.690.200,6.476.213.588.645.300,-1.325.667.370.403.120,-1.917.066.149.726.370,-7.090.425.882.909.350,-40.318.926.655.379.000,1
688,-12.231.621.300.129.200,-5.601.597.751.748.970,2.633.057.602.330.770,6.025.928.566.008.060,6.352.760.773.061.010,8.659.266.183.051.010,0
689,12.828.828.829.601.600,-14.949.756.353.448.100,18.087.677.305.003.600,5.347.866.620.898.620,2.663.399.304.194.250,-1.834.391.306.280.580,1
690,-9.739.018.140.444.290,8.942.974.134.434.740,18.080.314.632.958.900,-4.888.016.507.977.860,11.788.738.249.663.000,-11.412.904.047.560.500,0
691,-22.791.691.091.130.700,-1.813.091.581.599.710,-16.691.163.428.655.500,-16.403.656.676.119.200,-16.808.609.523.539.100,-38.780.010.886.627.200,0
692,-21.714.552.756.250.900,-3.346.944.736.374.560,-14.214.543.564.721.200,-6.666.358.117.025.130,404.947.067.570.252,-5.501.327.501.202.910,0
693,-923.620.846.203.389,-3.216.174.600.907.630,-14.675.647.401.057.600,6.433.384.993.588.870,-40.978.659.522.400.400,-5.376.745.811.934.420,0
694,-13.230.028.801.770.400,30.394.771.494.884.700,13.364.846.110.474.700,-20.148.547.685.693.900,-7.804.119.944.418.910,15.701.314.155.797.100,0
695,33.050.143.932.734.500,6.030.129.921.234.320,165.004.281.941.362,29.058.804.243.102.000,8.039.627.939.457.120,8.891.717.235.343.960,1
696,-17.892.524.560.224.500,2.288.104.555.396.770,19.278.184.773.824.900,16.627.053.546.526.500,-15.401.587.853.657.800,11.003.309.004.750.500,0
697,-7.439.200.917.768.450,-18.639.379.813.452.000,11.923.240.439.949.700,8.422.812.640.670.010,14.717.055.313.060.600,-24.120.274.980.014.500,0
698,-666.059.279.115.194,-44.326.512.316.637.400,647.995.290.820.401,-35.323.920.039.810.500,284.690.282.995.337,16.916.021.653.774.100,0
699,-11.196.223.359.195.700,-26.455.529.960.744,-1.445.154.370.069.460,-2.735.495.002.885.320,3.714.966.399.678.700,9.217.034.851.003.530,0
700,-5.035.743.542.213.890,-10.511.245.760.273.800,-11.486.360.558.149.000,-796.422.840.038.754,2.724.399.972.428.560,5.024.472.667.290.070,0
701,-9.417.409.530.103.690,-10.561.159.092.678.600,-6.559.648.032.324.620,-8.626.749.897.188.340,30.297.601.311.551.700,5.243.260.359.979.050,0
702,-30.702.129.715.457.600,-22.453.444.736.139.300,6.877.863.702.314.360,-15.238.530.894.857.300,18.722.379.126.755.800,-4.257.888.429.147.980,0
703,-251.170.403.885.157,-1.986.791.143.775.210,-6.769.007.960.241.600,-13.127.954.426.373.100,13.612.981.160.079.800,-2.242.955.375.059.790,0
704,-19.465.726.905.777.500,20.496.374.591.410.200,2.115.669.099.262.940,-1.318.711.677.981.740,-5.924.224.601.713.990,10.014.686.255.341.300,0
705,8.905.769.083.292.640,11.327.311.617.425.700,3.395.206.680.166.290,-3.726.909.030.851.280,10.489.574.301.301.300,-12.831.450.084.462.500,1
706,-1.557.968.641.187.300,16.725.168.175.311.300,17.187.039.224.521.500,7.532.725.368.006.570,-18.288.534.844.235.000,-43.260.110.655.676.500,0
707,-11.812.721.100.519.600,6.240.512.670.875.380,17.480.892.964.577.100,27.906.608.935.721.400,-23.231.500.395.527.100,11.070.642.360.651.300,0
708,-15.090.764.086.506.300,7.023.425.844.836.640,-17.006.913.994.178.700,-8.673.622.841.740.560,-19.611.978.458.283.100,-39.232.100.251.274.200,1
709,7.123.606.269.630.200,-8.322.025.635.326.570,12.509.921.415.424.800,2.341.511.167.084.870,10.520.292.476.865.500,-13.527.285.378.042.900,1
710,12.875.761.287.294.700,-1.169.404.555.581.950,6.410.149.761.767.330,2.232.004.889.014.030,11.290.384.174.778.600,6.811.856.501.241.130,1
711,-16.687.805.127.010.200,-13.188.289.792.478.700,-33.314.313.382.115.900,2.757.865.251.515.220,-6.956.901.407.151.840,-11.563.171.123.346.400,0
712,-2.675.415.689.905.020,-2.411.647.023.348.320,-3.853.890.284.686.220,-11.653.237.160.722.300,-17.032.883.409.254.900,-13.583.300.842.097.600,0
713,13.537.105.983.658.400,-9.624.394.940.443.060,11.874.438.769.803.400,2.628.103.056.590.170,21.723.578.767.218.800,16.226.375.380.354.100,1
714,-7.671.760.142.734.510,13.598.983.073.304.900,-1.904.096.857.966.590,-25.071.087.068.014.300,6.594.249.062.008.000,4.912.029.385.010.010,1
715,-776.878.637.445.958,-4.599.006.442.262.180,-23.035.134.964.319.000,-2.024.431.634.407.030,39.009.610.449.144.100,-2.712.051.932.607.250,1
716,-1.022.476.456.245.700,14.785.789.841.241.200,-46.566.541.958.406.100,-13.264.324.507.403.300,-10.666.699.524.970.600,15.448.399.571.906.100,1
717,-3.297.326.452.071.060,8.083.351.225.744.720,20.940.880.669.974.700,-32.964.514.264.479.300,1.777.567.416.200.480,21.834.643.339.789.700,0
718,-18.076.974.637.630.900,-15.446.990.992.963.000,-17.699.002.579.718.700,-9.007.563.397.146.040,-6.248.369.293.157.180,6.324.424.663.678.470,0
719,-12.270.157.650.847.800,46.430.869.335.557.700,2.093.988.950.991.010,-31.975.897.604.511.900,24.243.401.819.910.000,-983.793.917.690.822,0
720,2.032.842.943.926.850,-15.627.686.389.533.800,21.870.985.193.939.400,17.138.222.810.313.200,26.039.850.710.820.400,-1.826.620.398.637.000,1
721,12.340.196.015.843.900,-4.708.165.405.596.590,4.345.368.303.171.620,34.437.411.189.571.300,-10.799.395.571.879.800,-13.285.796.577.239.800,1
722,-6.869.672.741.920.890,6.363.394.738.021.170,42.750.357.384.958.600,-34.110.206.847.351.700,-43.250.396.806.205.800,-19.450.687.328.637.100,0
723,-8.473.702.970.160.410,2.764.700.218.464.530,-45.966.360.055.681.400,-13.656.896.507.235.600,6.780.379.359.859.960,-1.904.452.240.256.910,0
724,-25.504.854.504.573.700,16.154.403.482.775.100,4.812.938.726.336.840,5.283.003.687.919.980,-4.841.350.278.794.140,-1.795.936.551.336.680,0
725,-16.769.553.433.228.600,10.457.462.134.690.400,-8.430.258.634.868.900,-2.110.001.254.364.970,-8.822.364.611.408.130,-7.888.365.616.368.720,1
726,20.206.247.091.710.500,-1.349.906.302.058.590,-6.998.913.957.968.430,-20.824.913.311.061.400,2.221.071.339.225.210,-7.923.688.948.043.100,0
727,-15.643.801.403.928.900,2.407.384.822.825.920,5.334.855.920.355.020,-10.526.250.221.010.300,-17.130.802.587.315.900,45.436.370.749.865.900,0
728,-2.657.672.302.955.730,-7.929.379.507.772.080,-6.785.913.423.268.430,-7.997.600.573.474.290,5.494.237.697.140.140,-2.574.601.849.114.250,0
729,-34.681.394.060.417.200,13.563.421.055.858.600,-8.120.502.716.159.840,465.275.500.520.147,-4.299.715.359.210.210,5.602.370.394.884.560,1
730,-2.294.334.011.585.930,-26.876.212.792.885.800,4.001.924.757.318.360,12.734.698.158.599.400,3.573.149.788.622.580,16.573.336.086.491.700,0
731,13.748.562.905.722.100,-33.251.703.464.428.200,-32.200.626.753.099.900,-4.086.809.697.336.390,353.428.803.330.151,-11.390.408.478.731.500,0
732,12.795.271.661.286.900,2.454.952.843.548.370,15.585.513.219.278.400,-17.775.697.993.591.400,14.739.827.875.280.600,-18.132.332.860.030.400,1
733,18.830.776.690.938.200,-5.722.992.850.603.880,18.410.117.105.573.800,24.087.418.648.418.200,1.077.756.187.900.360,-5.422.377.180.278.290,1
734,-2.714.053.437.349.800,28.579.527.340.546.800,5.959.091.420.626.190,16.320.236.795.287.700,-4.825.202.169.436.230,-8.318.812.434.238.740,1
735,-11.165.267.956.770.000,7.218.246.640.442.900,-16.611.342.836.905.000,-2.093.599.832.050.480,-7.524.777.063.464.430,-7.217.872.012.344.090,0
736,3.669.896.190.555.320,11.878.923.651.591.200,-2.227.770.025.368.960,-2.177.686.114.024.510,-27.859.311.375.486.100,12.543.135.329.386.300,0
737,-18.264.000.717.383.300,-2.609.159.386.625.160,-210.227.162.547.737,17.712.581.596.957.300,23.863.768.572.140.500,-8.108.511.341.406.800,0
738,-4.980.043.641.968.080,23.180.650.736.046.800,-1.063.268.797.976.020,-1.400.513.909.323.530,-11.848.311.772.110.800,7.018.757.813.079.190,0
739,-7.431.996.372.943.730,28.491.969.902.516.900,-8.644.973.141.660.650,-14.159.401.845.072.300,-11.521.919.784.597.300,13.141.518.113.477.800,0
740,-15.091.010.128.549.200,9.005.397.352.867.670,-1.014.300.988.651.620,-3.246.248.517.486.610,1.169.452.984.305.460,26.779.772.761.698.700,0
741,1.725.173.569.009.870,11.996.484.038.033.100,-5.553.005.440.461.490,-6.768.589.432.667.200,-5.419.838.735.842.250,16.751.761.253.004.200,0
742,4.674.657.067.130.920,898.263.408.418.706,-10.199.484.859.386.400,-1.147.142.319.470.350,-4.589.687.427.214.170,2.920.752.565.885.880,1
743,-10.273.873.931.764.500,-14.445.138.899.350.200,-2.110.310.348.563.040,-18.725.976.117.046.400,-5.169.027.527.375.200,20.120.341.309.606.100,1
744,-5.830.102.387.064.930,5.904.418.603.309.810,-8.570.764.673.266.680,-14.026.379.636.729.300,-30.536.757.901.395.300,9.226.434.144.327.270,0
745,-32.893.199.383.873.500,-23.158.200.298.941.500,-1.906.793.216.702.500,-14.480.508.655.113.400,-8.362.394.456.671.300,-43.635.946.871.824.000,0
746,-2.282.758.901.495.680,-6.267.673.120.696.770,-9.994.813.882.150.990,-1.446.418.243.465.990,8.988.237.891.923.260,14.501.926.306.346.800,0
747,-890.210.135.774.468,-16.842.242.931.393.100,14.409.591.723.580.300,6.272.584.721.467.280,9.281.772.305.412.440,4.826.940.516.161.540,0
748,108.289.929.821.761,-3.787.934.860.709.820,6.229.941.436.542.330,1.919.362.333.292.960,-5.087.223.792.699.320,-1.724.504.786.074.780,1
749,-21.653.137.365.229.900,-31.841.181.829.507.600,-12.531.161.627.181.700,-5.722.805.076.002.770,32.642.621.573.244.100,-11.767.035.145.324.600,0
750,-903.534.722.108.421,1.771.461.237.469.250,6.516.680.114.225.020,-19.497.733.780.466.200,10.641.654.843.995.300,6.264.904.015.105.580,1
751,16.369.857.695.098.600,1.499.392.472.331.590,-7.874.231.821.738.240,-34.372.270.793.602.400,11.593.887.636.979.600,-38.423.801.846.367.000,0
752,12.202.447.672.352.500,-9.402.406.976.668.380,11.141.723.363.403.800,16.667.033.745.805.900,21.993.412.577.832.300,-12.581.382.817.597.500,1
753,-7.781.867.685.686.890,-2.387.186.360.004.040,7.739.547.457.190.720,12.180.663.468.753.700,11.684.483.069.853.600,21.881.320.571.318.300,1
754,-6.634.853.969.177.960,6.124.751.609.203.890,-13.784.771.357.455.600,-28.135.622.117.853.100,35.893.637.758.695.500,-15.403.374.931.213.900,1
755,-12.613.759.081.144.400,26.775.008.569.250.000,48.221.063.768.393.700,3.997.664.715.043.650,-2.794.662.917.817.230,36.903.233.145.025.500,0
756,21.482.151.781.803.200,-15.467.295.425.952.900,1.323.880.478.757.070,2.591.970.195.972.230,5.314.840.991.433.530,-7.886.146.977.626.300,1
757,7.710.854.499.098.870,-15.084.493.345.041.400,-15.225.412.656.465.800,-1.188.424.758.456.310,28.421.059.726.232.300,-12.455.205.895.013.300,0
758,-15.559.624.100.888.300,-6.386.462.244.963.910,-16.709.302.796.562.400,-18.592.549.479.878.100,-3.015.321.934.009.740,6.268.336.570.281.290,0
759,-4.226.646.126.225.670,-36.949.296.126.449.400,-6.584.918.595.115.110,-6.795.657.019.047.950,6.942.100.373.682.070,-1.235.837.741.352.220,1
760,-22.695.549.464.345.800,-23.073.357.912.944.200,-5.471.716.449.730.900,-7.373.095.269.326.760,1.850.124.866.913.130,380.198.369.153.394,0
761,-18.660.927.820.572.600,-15.195.562.057.500.600,-18.077.902.436.854.400,-3.943.692.154.292.370,-1.084.820.980.378.150,-1.355.529.499.576.260,0
762,-6.953.777.130.429.920,-16.342.751.253.444.300,-5.521.714.099.254.270,-7.595.070.129.721.800,8.712.124.535.899.720,-9.621.891.799.806.850,0
763,11.920.127.424.834.900,-23.590.134.224.288.100,694.529.458.263.975,6.734.407.844.810.650,9.455.010.309.098.990,1.330.807.242.034.410,1
764,-2.123.197.345.327.450,-1.938.765.754.786.060,-27.006.327.553.820.300,-35.389.925.205.352.300,-390.876.066.599.255,-9.788.092.107.990.610,1
765,17.905.602.950.846.400,2.751.217.496.177.690,-9.827.187.309.986.570,-1.606.759.152.084.850,42.783.763.558.141.900,3.850.698.249.575.910,0
766,10.931.496.281.093.800,-7.075.197.159.197.940,12.518.528.594.652.500,12.667.620.992.544.200,5.544.410.512.604.320,5.834.429.784.980.660,1
767,-6.952.248.529.622.940,222.015.259.364.017,-11.540.520.185.703.000,-11.798.847.452.194.000,-4.737.107.940.044.480,11.154.666.830.952.100,0
768,-3.397.348.945.164.170,-3.277.870.179.522.920,-1.293.543.435.224.590,-682.187.649.989.095,-4.449.452.237.075.990,4.268.269.747.660.100,0
769,11.105.682.468.817.700,13.810.235.765.160.000,11.687.234.782.871.600,1.379.150.857.866.640,-247.524.369.649.217,-16.742.420.168.359.300,1
770,6.561.066.716.472.300,-604.375.476.927.218,3.727.202.688.034.700,9.527.423.108.402.270,4.125.428.206.287.890,11.311.512.782.861.700,1
771,17.457.088.548.843.000,-8.642.606.663.932.970,1.389.406.465.353.870,31.008.305.043.271.600,39.522.009.095.773.200,7.334.528.831.410.840,1
772,5.725.607.306.991.110,-9.275.786.191.498.420,9.981.102.658.303.330,18.400.069.682.706.500,2.921.392.725.880.510,8.602.629.714.011.950,1
773,-7.428.539.682.928.410,-10.243.966.385.594.900,17.931.945.796.650.900,37.338.153.034.580.000,9.748.205.646.963.350,5.600.151.474.079.260,0
774,-8.732.443.406.296.790,-9.354.410.440.474.110,-10.685.966.159.813.700,-5.031.162.674.778.230,33.020.746.449.995.900,-7.384.592.716.454.920,0
775,-4.939.305.103.198.360,-19.346.413.403.847.000,-6.695.537.589.204.520,-18.168.793.859.709.700,10.509.172.373.751.500,18.884.635.713.091.300,0
776,-14.600.703.428.937.000,18.758.471.662.646.400,10.914.900.405.723.600,3.514.815.190.998.460,-19.770.705.808.653.500,-441.605.223.421.021,0
777,70.621.820.362.356,5.638.044.370.829.820,-11.136.535.930.020.500,-1.433.998.915.757.430,5.185.578.093.966.490,-37.496.407.794.779.200,1
778,-14.906.453.162.328.900,26.156.212.577.710.000,16.849.574.960.986.100,-13.914.777.546.310.000,-8.612.132.872.082.590,-24.819.863.357.203.000,0
779,-1.880.332.439.875.140,-19.932.284.672.251.200,-15.453.440.605.109.100,-3.021.407.234.146.040,-6.753.767.813.124.430,-798.190.624.421.264,0
780,38.164.738.635.089.800,18.270.631.820.004.900,32.864.058.511.020.900,-1.521.636.323.250.270,33.163.346.385.289.800,-7.006.526.543.445.540,1
781,9.660.444.837.520.220,-5.533.265.390.741.830,-1.486.975.183.268.280,-2.940.280.429.277.200,20.030.258.015.762.100,-22.423.020.660.474.700,1
782,12.390.655.925.717.700,29.645.875.308.554.400,-15.286.164.978.667.000,-41.789.342.159.951.100,30.744.976.098.935.100,-1.859.934.861.826.600,1
783,-7.512.301.983.307.350,7.100.605.993.398.210,7.137.718.895.022.770,-11.377.788.185.591.900,23.476.268.952.615.500,10.967.006.321.083.000,0
784,766.135.567.157.317,-1.961.197.860.675.000,14.954.873.981.794.400,2.460.676.311.606.100,991.005.483.588.479,67.021.165.563.331,1
785,-16.987.092.198.046.000,-810.333.971.727.189,-24.007.431.193.826.400,-949.267.997.927.007,-1.401.378.836.756.380,528.517.884.394.926,0
786,-1.018.523.501.846.620,1.365.298.281.650.720,39.064.268.441.018.600,1.065.472.060.158.790,-22.525.584.096.855.700,-14.365.427.340.442.300,0
787,-29.613.959.602.335.700,8.416.845.015.093.700,-12.114.648.926.766.000,5.895.938.291.190.010,-39.046.920.919.030.200,9.473.623.994.599.640,1
788,-12.979.076.337.846.100,-4.638.949.953.537.900,21.336.092.278.931.000,-257.026.968.337.718,8.543.227.491.139.080,-1.116.404.779.950.030,0
789,10.429.160.103.241.300,2.548.596.817.694.890,1.114.083.065.206.000,-21.027.230.114.452.200,12.121.608.550.178.300,12.317.682.294.894.900,1
790,-18.148.418.052.194.600,2.116.646.186.113.770,21.713.060.593.210.500,-10.128.084.877.295.200,-7.380.989.283.007.990,-15.102.595.384.705.300,0
791,12.625.801.673.586.600,2.034.241.415.868.880,650.104.443.030.189,-20.302.095.656.413.900,-9.240.497.540.007.540,-1.476.947.309.645.340,1
792,-22.482.927.863.954.400,-19.767.352.029.811.000,83.228.524.722.699,-13.199.681.349.348.300,18.158.225.936.468.800,9.065.657.606.837.010,1
793,-22.200.648.475.511.400,-4.788.431.120.392.310,-2.642.984.848.613.870,-703.250.371.547.233,-26.412.940.559.488.400,562.368.291.616.678,1
794,-2.026.064.346.442.700,11.885.104.054.172.300,22.362.501.572.862.500,9.817.622.457.470.130,-16.900.504.902.552.700,-20.029.490.206.721.600,0
795,-21.933.283.120.700.500,-29.445.976.577.958.200,-1.781.604.561.130.420,-1.213.148.650.820.120,-5.898.183.855.949.610,20.023.957.346.147.900,0
796,-2.375.189.397.952.740,6.998.375.922.637.220,-42.311.740.076.333.000,-7.933.200.649.379.990,1.156.656.566.689.420,-6.221.278.372.567.140,0
797,19.727.579.663.494.800,-2.450.006.878.830.990,1.494.196.194.045.200,-8.549.643.727.341.830,33.889.692.248.174.200,-4.156.882.002.895.620,1
798,-1.870.566.920.172.180,-2.927.099.010.709.490,-5.999.243.547.258.850,5.370.589.994.807.930,2.507.346.401.473.540,-6.654.539.330.308.960,0
799,-14.043.218.841.870.700,1.225.470.343.873.270,-10.194.013.242.036.700,-9.879.435.595.782.890,-8.341.158.107.723.860,9.015.512.565.747.640,0
800,-3.277.134.402.390.590,-1.374.394.900.537.960,-9.941.437.732.448.050,-10.665.431.526.684.800,9.199.694.382.294.940,-17.349.276.321.350.600,0